,index,Unnamed: 0,wid,game,item,order,shown,multi_time,0
0,0,0,wa022482,1,Animal_Blue,1,True,After,3
1,1,1,wa022482,1,Animal_Yellow,2,True,After,3
2,2,2,wa022482,1,Scene_Blue,3,True,After,3
3,3,3,wa022482,1,Scene_Red,4,True,After,3
4,4,4,wa022482,1,Animal_Red,5,False,After,3
5,5,5,wa022482,1,Irrelevant,6,False,After,3
6,6,6,wa022482,2,Scene_Green,1,True,Before,3
7,7,7,wa022482,2,Food_Red,2,True,Before,3
8,8,8,wa022482,2,Food_Yellow,3,True,Before,3
9,9,9,wa022482,2,Scene_Yellow,4,True,Before,3
10,10,10,wa022482,2,Object_Blue,5,False,Before,3
11,11,11,wa022482,2,Food_Green,6,True,Before,3
12,12,12,wa022482,3,Animal_Green,1,True,After,3
13,13,13,wa022482,3,Scene_Green,2,False,After,3
14,14,14,wa022482,3,Object_Blue,3,True,After,3
15,15,15,wa022482,3,Object_Blue,4,True,After,3
16,16,16,wa022482,4,Scene_Red,1,True,Before,3
17,17,17,wa022482,4,Animal_Green,2,True,Before,3
18,18,18,wa022482,5,Object_Yellow,1,True,After,3
19,19,19,wa022482,5,Animal_Green,2,True,After,3
20,20,20,wa022482,5,Food_Red,3,False,After,3
21,21,21,wa022482,5,Scene_Red,4,True,After,3
22,22,22,wa022482,6,Food_Blue,1,True,Before,3
23,23,23,wa022482,6,Scene_Blue,2,True,Before,3
24,24,24,wa022482,6,Animal_Blue,3,True,Before,3
25,25,25,wa022482,6,Animal_Red,4,True,Before,3
26,26,26,wa022482,6,Food_Red,5,True,Before,3
27,27,27,wa022482,6,Object_Green,6,False,Before,3
28,28,28,wa022482,7,Scene_Green,1,True,After,3
29,29,29,wa022482,7,Object_Blue,2,True,After,3
30,30,30,wa022482,7,Food_Blue,3,False,After,3
31,31,31,wa022482,7,Scene_Blue,4,True,After,3
32,32,32,wa022482,7,Object_Green,5,True,After,3
33,33,33,wa022482,7,Scene_Red,6,False,After,3
34,34,34,wa022482,8,Object_Blue,1,False,Before,3
35,35,35,wa022482,8,Food_Blue,2,True,Before,3
36,36,36,wa022482,8,Food_Green,3,False,Before,3
37,37,37,wc263e54,1,Animal_Blue,1,True,Before,3
38,38,38,wc263e54,1,Object_Yellow,2,True,Before,3
39,39,39,wc263e54,1,Animal_Green,3,True,Before,3
40,40,40,wc263e54,1,Object_Green,4,True,Before,3
41,41,41,wc263e54,1,Food_Blue,5,True,Before,3
42,42,42,wc263e54,2,Object_Blue,1,True,After,3
43,43,43,wc263e54,2,Scene_Red,2,True,After,3
44,44,44,wc263e54,2,Scene_Green,3,True,After,3
45,45,45,wc263e54,2,Food_Red,4,True,After,3
46,46,46,wc263e54,2,Object_Red,5,True,After,3
47,47,47,wc263e54,3,Scene_Yellow,1,True,Before,3
48,48,48,wc263e54,3,Food_Red,2,True,Before,3
49,49,49,wc263e54,3,Animal_Yellow,3,True,Before,3
50,50,50,wc263e54,3,Food_Green,4,True,Before,3
51,51,51,wc263e54,4,Scene_Yellow,1,True,After,3
52,52,52,wc263e54,5,Food_Blue,1,True,Before,3
53,53,53,wc263e54,5,Food_Green,2,True,Before,3
54,54,54,wc263e54,6,Food_Yellow,1,True,After,3
55,55,55,wc263e54,6,Scene_Blue,2,False,After,3
56,56,56,wc263e54,7,Scene_Blue,1,True,Before,3
57,57,57,wc263e54,7,Animal_Red,2,True,Before,3
58,58,58,wc263e54,7,Object_Red,3,True,Before,3
59,59,59,wc263e54,7,Scene_Yellow,4,True,Before,3
60,60,60,wc263e54,7,Object_Yellow,5,True,Before,3
61,61,61,wc263e54,8,Object_Blue,1,True,After,3
62,62,62,wc263e54,8,Object_Red,2,True,After,3
63,63,63,wc263e54,8,Animal_Red,3,False,After,3
64,64,64,wc263e54,8,Animal_Green,4,True,After,3
65,65,65,wc263e54,8,Food_Green,5,False,After,3
66,66,66,w2457106,1,Animal_Yellow,1,True,Before,3
67,67,67,w2457106,1,Object_Green,2,True,Before,3
68,68,68,w2457106,1,Scene_Red,3,False,Before,3
69,69,69,w2457106,1,Object_Yellow,4,True,Before,3
70,70,70,w2457106,1,Object_Red,5,True,Before,3
71,71,71,w2457106,1,Animal_Red,6,True,Before,3
72,72,72,w2457106,2,Food_Blue,1,True,After,3
73,73,73,w2457106,2,Object_Blue,2,True,After,3
74,74,74,w2457106,2,Food_Yellow,5,True,After,3
75,75,75,w2457106,3,Food_Green,1,True,Before,3
76,76,76,w2457106,3,Scene_Green,2,True,Before,3
77,77,77,w2457106,3,Scene_Red,3,True,Before,3
78,78,78,w2457106,3,Food_Blue,4,True,Before,3
79,79,79,w2457106,3,Animal_Green,5,True,Before,3
80,80,80,w2457106,4,Scene_Yellow,1,True,After,3
81,81,81,w2457106,4,Scene_Blue,2,True,After,3
82,82,82,w2457106,4,Object_Yellow,3,True,After,3
83,83,83,w2457106,5,Object_Yellow,1,True,Before,3
84,84,84,w2457106,5,Food_Green,2,True,Before,3
85,85,85,w2457106,5,Scene_Yellow,3,False,Before,3
86,86,86,w2457106,5,Object_Green,4,True,Before,3
87,87,87,w2457106,5,Animal_Green,5,True,Before,3
88,88,88,w2457106,6,Object_Red,1,True,After,3
89,89,89,w2457106,6,Scene_Red,2,True,After,3
90,90,90,w2457106,6,Animal_Red,3,False,After,3
91,91,91,w2457106,6,Scene_Blue,4,True,After,3
92,92,92,w2457106,6,Food_Blue,5,True,After,3
93,93,93,w2457106,6,Object_Blue,6,False,After,3
94,94,94,w2457106,7,Object_Green,1,True,Before,3
95,95,95,w2457106,7,Object_Red,2,True,Before,3
96,96,96,w2457106,7,Animal_Green,3,True,Before,3
97,97,97,w2457106,7,Scene_Yellow,4,False,Before,3
98,98,98,w2457106,7,Object_Yellow,5,False,Before,3
99,99,99,w2457106,8,Scene_Green,1,False,After,3
100,100,100,w2457106,8,Object_Green,2,False,After,3
101,101,101,w2457106,8,Animal_Red,3,True,After,3
102,102,102,w2457106,8,Animal_Yellow,4,True,After,3
103,103,103,w2457106,8,Object_Red,5,False,After,3
104,104,104,w88c84d1,1,Scene_Blue,1,True,Before,3
105,105,105,w88c84d1,1,Animal_Green,2,True,Before,3
106,106,106,w88c84d1,1,Object_Red,3,False,Before,3
107,107,107,w88c84d1,1,Scene_Red,4,False,Before,3
108,108,108,w88c84d1,1,Animal_Yellow,5,True,Before,3
109,109,109,w88c84d1,1,Animal_Blue,6,True,Before,3
110,110,110,w88c84d1,2,Object_Green,1,True,After,3
111,111,111,w88c84d1,2,Object_Blue,2,True,After,3
112,112,112,w88c84d1,2,Food_Red,3,True,After,3
113,113,113,w88c84d1,2,Food_Blue,4,True,After,3
114,114,114,w88c84d1,3,Animal_Yellow,1,True,Before,3
115,115,115,w88c84d1,3,Scene_Blue,2,True,Before,3
116,116,116,w88c84d1,3,Scene_Red,3,True,Before,3
117,117,117,w88c84d1,3,Animal_Red,4,True,Before,3
118,118,118,w88c84d1,4,Food_Yellow,1,True,After,3
119,119,119,w88c84d1,4,Food_Red,2,True,After,3
120,120,120,w88c84d1,4,Food_Green,3,True,After,3
121,121,121,w88c84d1,4,Object_Red,4,True,After,3
122,122,122,w88c84d1,5,Scene_Red,1,True,Before,3
123,123,123,w88c84d1,5,Animal_Red,2,True,Before,3
124,124,124,w88c84d1,5,Object_Green,3,True,Before,3
125,125,125,w88c84d1,5,Animal_Blue,4,True,Before,3
126,126,126,w88c84d1,6,Food_Red,1,True,After,3
127,127,127,w88c84d1,6,Animal_Green,2,True,After,3
128,128,128,w88c84d1,7,Object_Green,1,True,Before,3
129,129,129,w88c84d1,7,Scene_Blue,2,True,Before,3
130,130,130,w88c84d1,8,Food_Blue,1,True,After,3
131,163,163,we24a9dd,1,Object_Red,1,True,After,3
132,164,164,we24a9dd,1,Food_Red,2,False,After,3
133,165,165,we24a9dd,1,Scene_Green,3,False,After,3
134,166,166,we24a9dd,1,Scene_Yellow,4,False,After,3
135,167,167,we24a9dd,1,Food_Blue,5,False,After,3
136,168,168,we24a9dd,2,Scene_Blue,1,True,Before,3
137,169,169,we24a9dd,2,Food_Yellow,2,True,Before,3
138,170,170,we24a9dd,2,Object_Blue,3,True,Before,3
139,171,171,we24a9dd,2,Scene_Yellow,4,True,Before,3
140,172,172,we24a9dd,3,Scene_Green,1,True,After,3
141,173,173,we24a9dd,3,Animal_Green,2,True,After,3
142,174,174,we24a9dd,3,Food_Blue,3,True,After,3
143,175,175,we24a9dd,3,Scene_Red,4,True,After,3
144,176,176,we24a9dd,3,Food_Red,5,True,After,3
145,177,177,we24a9dd,3,Animal_Red,6,False,After,3
146,178,178,we24a9dd,4,Object_Yellow,1,True,Before,3
147,179,179,we24a9dd,5,Object_Yellow,1,True,After,3
148,180,180,we24a9dd,5,Object_Green,2,True,After,3
149,181,181,we24a9dd,5,Scene_Blue,3,False,After,3
150,182,182,we24a9dd,5,Food_Green,4,True,After,3
151,183,183,we24a9dd,5,Animal_Green,5,True,After,3
152,184,184,we24a9dd,6,Food_Blue,1,True,Before,3
153,185,185,we24a9dd,6,Scene_Yellow,2,True,Before,3
154,186,186,we24a9dd,6,Scene_Red,3,True,Before,3
155,187,187,we24a9dd,6,Food_Red,4,True,Before,3
156,188,188,we24a9dd,6,Object_Yellow,5,False,Before,3
157,189,189,we24a9dd,7,Animal_Green,1,True,After,3
158,190,190,we24a9dd,8,Animal_Blue,1,False,Before,3
159,191,191,we24a9dd,8,Animal_Yellow,2,True,Before,3
160,192,192,wf456a28,1,Object_Green,1,True,After,3
161,193,193,wf456a28,1,Object_Red,2,True,After,3
162,194,194,wf456a28,1,Animal_Red,3,True,After,3
163,195,195,wf456a28,1,Food_Yellow,4,True,After,3
164,196,196,wf456a28,1,Yellowbicycle,5,False,After,3
165,197,197,wf456a28,2,Scene_Blue,1,True,Before,3
166,198,198,wf456a28,2,Object_Blue,2,True,Before,3
167,199,199,wf456a28,2,Scene_Yellow,3,True,Before,3
168,200,200,wf456a28,2,Food_Blue,4,True,Before,3
169,201,201,wf456a28,2,Food_Yellow,5,True,Before,3
170,202,202,wf456a28,2,Scene_Green,6,True,Before,3
171,203,203,wf456a28,3,Animal_Green,1,True,After,3
172,204,204,wf456a28,3,Scene_Green,2,True,After,3
173,205,205,wf456a28,3,Food_Blue,3,True,After,3
174,206,206,wf456a28,3,Food_Red,4,True,After,3
175,207,207,wf456a28,3,Object_Yellow,5,False,After,3
176,208,208,wf456a28,4,Animal_Blue,1,True,Before,3
177,209,209,wf456a28,4,Scene_Yellow,2,True,Before,3
178,210,210,wf456a28,4,Animal_Red,3,True,Before,3
179,211,211,wf456a28,4,Scene_Blue,4,True,Before,3
180,212,212,wf456a28,4,Object_Yellow,5,True,Before,3
181,213,213,wf456a28,4,Animal_Green,6,False,Before,3
182,214,214,wf456a28,5,Animal_Blue,1,True,After,3
183,215,215,wf456a28,5,Food_Green,2,True,After,3
184,216,216,wf456a28,5,Scene_Yellow,3,False,After,3
185,217,217,wf456a28,5,Object_Yellow,4,True,After,3
186,218,218,wf456a28,5,Object_Blue,5,True,After,3
187,219,219,wf456a28,5,Object_Green,6,True,After,3
188,220,220,wf456a28,6,Scene_Yellow,1,True,Before,3
189,221,221,wf456a28,6,Scene_Red,2,True,Before,3
190,222,222,wf456a28,6,Scene_Blue,3,True,Before,3
191,223,223,wf456a28,6,Food_Blue,4,True,Before,3
192,224,224,wf456a28,6,Food_Red,5,True,Before,3
193,225,225,wf456a28,6,Object_Yellow,6,False,Before,3
194,226,226,wf456a28,7,Object_Blue,1,True,After,3
195,227,227,wf456a28,7,Animal_Blue,2,True,After,3
196,228,228,wf456a28,7,Scene_Yellow,3,False,After,3
197,229,229,wf456a28,7,Scene_Red,4,False,After,3
198,230,230,wf456a28,7,Scene_Green,5,True,After,3
199,231,231,wf456a28,7,Food_Red,6,False,After,3
200,232,232,wf456a28,8,Food_Red,1,True,Before,3
201,233,233,wf456a28,8,Animal_Red,2,True,Before,3
202,234,234,wf456a28,8,Scene_Red,3,True,Before,3
203,235,235,wf456a28,8,Food_Yellow,4,True,Before,3
204,236,236,wf456a28,8,Scene_Yellow,5,False,Before,3
205,237,237,w05ede5c,1,Animal_Green,1,True,Before,3
206,238,238,w05ede5c,1,Object_Green,2,True,Before,3
207,239,239,w05ede5c,1,Animal_Blue,3,True,Before,3
208,240,240,w05ede5c,1,Scene_Green,4,False,Before,3
209,241,241,w05ede5c,1,Food_Yellow,5,False,Before,3
210,242,242,w05ede5c,1,Food_Blue,6,True,Before,3
211,243,243,w05ede5c,2,Food_Red,1,True,After,3
212,244,244,w05ede5c,2,Object_Blue,2,True,After,3
213,245,245,w05ede5c,2,Scene_Blue,3,True,After,3
214,246,246,w05ede5c,2,Scene_Green,4,True,After,3
215,247,247,w05ede5c,2,Scene_Red,5,True,After,3
216,248,248,w05ede5c,3,Animal_Red,1,True,Before,3
217,249,249,w05ede5c,3,Scene_Yellow,2,True,Before,3
218,250,250,w05ede5c,3,Animal_Yellow,3,True,Before,3
219,251,251,w05ede5c,3,Food_Green,4,True,Before,3
220,252,252,w05ede5c,3,Scene_Green,5,False,Before,3
221,253,253,w05ede5c,4,Animal_Yellow,1,True,After,3
222,254,254,w05ede5c,4,Object_Yellow,2,True,After,3
223,255,255,w05ede5c,4,Scene_Yellow,3,True,After,3
224,256,256,w05ede5c,4,Scene_Blue,4,True,After,3
225,257,257,w05ede5c,4,Animal_Red,5,True,After,3
226,258,258,w05ede5c,5,Animal_Green,1,True,Before,3
227,259,259,w05ede5c,5,Scene_Green,2,True,Before,3
228,260,260,w05ede5c,5,Animal_Yellow,3,True,Before,3
229,261,261,w05ede5c,5,Food_Green,4,True,Before,3
230,262,262,w05ede5c,5,Animal_Red,5,False,Before,3
231,263,263,w05ede5c,5,Scene_Blue,6,False,Before,3
232,264,264,w05ede5c,6,Scene_Red,1,True,After,3
233,265,265,w05ede5c,6,Scene_Green,2,True,After,3
234,266,266,w05ede5c,6,Food_Green,3,True,After,3
235,267,267,w05ede5c,6,Food_Blue,4,False,After,3
236,268,268,w05ede5c,6,Food_Yellow,5,True,After,3
237,269,269,w05ede5c,6,Animal_Green,6,False,After,3
238,270,270,w05ede5c,7,Scene_Yellow,1,True,Before,3
239,271,271,w05ede5c,7,Object_Yellow,2,True,Before,3
240,272,272,w05ede5c,7,Animal_Red,3,True,Before,3
241,273,273,w05ede5c,7,Object_Red,4,True,Before,3
242,274,274,w05ede5c,7,Food_Green,5,False,Before,3
243,275,275,w05ede5c,8,Animal_Blue,1,True,After,3
244,276,276,w05ede5c,8,Food_Blue,2,True,After,3
245,277,277,w05ede5c,8,Scene_Blue,3,False,After,3
246,278,278,w05ede5c,8,Object_Red,4,True,After,3
247,279,279,w05ede5c,8,Object_Yellow,5,False,After,3
248,280,280,w05ede5c,8,Animal_Green,6,True,After,3
249,281,281,w612200e,1,Object_Red,2,False,After,3
250,282,282,w612200e,1,Scene_Blue,5,False,After,3
251,283,283,w612200e,2,Scene_Blue,1,True,Before,3
252,284,284,w612200e,2,Animal_Blue,2,False,Before,3
253,285,285,w612200e,3,Scene_Yellow,1,True,After,3
254,286,286,w612200e,3,Food_Red,2,True,After,3
255,287,287,w612200e,3,Food_Yellow,3,True,After,3
256,288,288,w612200e,4,Animal_Red,1,True,Before,3
257,289,289,w612200e,4,Food_Red,2,False,Before,3
258,290,290,w612200e,4,Food_Yellow,3,False,Before,3
259,291,291,w612200e,4,Scene_Yellow,4,True,Before,3
260,292,292,w612200e,4,Object_Red,5,False,Before,3
261,293,293,w612200e,5,Animal_Red,1,False,After,3
262,294,294,w612200e,5,Scene_Yellow,2,False,After,3
263,295,295,w612200e,5,Animal_Yellow,3,True,After,3
264,296,296,w612200e,5,Food_Red,4,False,After,3
265,297,297,w612200e,5,Food_Yellow,5,True,After,3
266,298,298,w612200e,5,Object_Red,6,False,After,3
267,299,299,w612200e,6,Animal_Red,1,False,Before,3
268,300,300,w612200e,6,Food_Green,2,True,Before,3
269,301,301,w612200e,6,Scene_Yellow,3,False,Before,3
270,302,302,w612200e,6,Food_Red,4,True,Before,3
271,303,303,w612200e,6,Food_Yellow,5,True,Before,3
272,304,304,w612200e,7,Scene_Green,1,False,After,3
273,305,305,w612200e,7,Scene_Blue,2,True,After,3
274,306,306,w612200e,7,Brocolli,3,False,After,3
275,307,307,w612200e,7,Food_Red,4,False,After,3
276,308,308,w612200e,7,Food_Yellow,5,False,After,3
277,309,309,w612200e,8,Food_Green,1,False,Before,3
278,310,310,w612200e,8,Scene_Red,2,False,Before,3
279,311,311,w612200e,8,Scene_Yellow,3,False,Before,3
280,312,312,w612200e,8,Scene_Green,4,False,Before,3
281,313,313,w612200e,8,Object_Yellow,5,False,Before,3
282,314,314,w612200e,8,Animal_Yellow,6,False,Before,3
283,315,315,wb8feabb,1,Animal_Red,1,True,After,3
284,316,316,wb8feabb,1,Scene_Red,2,False,After,3
285,317,317,wb8feabb,1,Object_Yellow,3,True,After,3
286,318,318,wb8feabb,1,Object_Green,4,True,After,3
287,319,319,wb8feabb,1,Food_Yellow,5,True,After,3
288,320,320,wb8feabb,1,Animal_Yellow,6,True,After,3
289,321,321,wb8feabb,2,Scene_Yellow,1,True,Before,3
290,322,322,wb8feabb,2,Food_Blue,2,True,Before,3
291,323,323,wb8feabb,2,Scene_Green,3,True,Before,3
292,324,324,wb8feabb,2,Object_Blue,6,True,Before,3
293,325,325,wb8feabb,3,Food_Blue,2,True,After,3
294,326,326,wb8feabb,3,Food_Red,3,True,After,3
295,327,327,wb8feabb,3,Scene_Red,5,True,After,3
296,328,328,wb8feabb,3,Object_Blue,6,False,After,3
297,329,329,wb8feabb,4,Animal_Red,1,True,Before,3
298,330,330,wb8feabb,4,Animal_Blue,2,True,Before,3
299,331,331,wb8feabb,4,Animal_Yellow,3,True,Before,3
300,332,332,wb8feabb,4,Scene_Yellow,4,True,Before,3
301,333,333,wb8feabb,4,Scene_Blue,5,True,Before,3
302,334,334,wb8feabb,5,Food_Green,1,True,After,3
303,335,335,wb8feabb,6,Food_Red,1,True,Before,3
304,336,336,wb8feabb,6,Food_Blue,3,True,Before,3
305,337,337,wb8feabb,6,Scene_Blue,4,True,Before,3
306,338,338,wb8feabb,6,Scene_Red,5,True,Before,3
307,339,339,wb8feabb,7,Scene_Green,4,True,After,3
308,340,340,wb8feabb,7,Object_Blue,5,True,After,3
309,341,341,wb8feabb,8,Animal_Red,1,True,Before,3
310,342,342,wb8feabb,8,Object_Blue,3,False,Before,3
311,343,343,w4c2a923,1,Object_Blue,1,True,After,3
312,344,344,w4c2a923,1,Food_Blue,2,True,After,3
313,345,345,w4c2a923,1,Object_Green,3,True,After,3
314,346,346,w4c2a923,1,Animal_Green,4,True,After,3
315,347,347,w4c2a923,1,Object_Yellow,5,True,After,3
316,348,348,w4c2a923,2,Object_Red,1,True,Before,3
317,349,349,w4c2a923,2,Food_Red,2,True,Before,3
318,350,350,w4c2a923,2,Scene_Red,3,True,Before,3
319,351,351,w4c2a923,2,Food_Blue,4,False,Before,3
320,352,352,w4c2a923,2,Object_Blue,5,True,Before,3
321,353,353,w4c2a923,3,Animal_Yellow,1,True,After,3
322,354,354,w4c2a923,3,Food_Yellow,2,True,After,3
323,355,355,w4c2a923,3,Scene_Green,3,False,After,3
324,356,356,w4c2a923,4,Food_Yellow,1,False,Before,3
325,357,357,w4c2a923,4,Animal_Yellow,2,True,Before,3
326,358,358,w4c2a923,5,Food_Green,1,True,After,3
327,359,359,w4c2a923,6,Scene_Green,5,True,Before,3
328,360,360,w4c2a923,7,Animal_Red,2,True,After,3
329,361,361,w1eadd53,1,Animal_Blue,1,True,Before,3
330,362,362,w1eadd53,1,Object_Yellow,2,True,Before,3
331,363,363,w1eadd53,1,Animal_Green,3,True,Before,3
332,364,364,w1eadd53,2,Scene_Red,1,True,After,3
333,365,365,w1eadd53,2,Scene_Green,2,True,After,3
334,366,366,w1eadd53,2,Scene_Blue,3,True,After,3
335,367,367,w1eadd53,2,Food_Red,4,True,After,3
336,368,368,w1eadd53,2,Object_Blue,5,True,After,3
337,369,369,w1eadd53,3,Animal_Red,1,True,Before,3
338,370,370,w1eadd53,3,Food_Yellow,2,True,Before,3
339,371,371,w1eadd53,3,Food_Red,3,True,Before,3
340,372,372,w1eadd53,3,Object_Red,4,False,Before,3
341,373,373,w1eadd53,3,Scene_Yellow,5,True,Before,3
342,374,374,w1eadd53,3,Food_Green,6,True,Before,3
343,375,375,w1eadd53,4,Animal_Blue,1,True,After,3
344,376,376,w1eadd53,4,Scene_Yellow,2,True,After,3
345,377,377,w1eadd53,4,Scene_Blue,3,True,After,3
346,378,378,w1eadd53,4,Animal_Yellow,4,True,After,3
347,379,379,w1eadd53,5,Scene_Green,1,True,Before,3
348,380,380,w1eadd53,5,Food_Green,2,True,Before,3
349,381,381,w1eadd53,5,Food_Yellow,3,True,Before,3
350,382,382,w1eadd53,5,Scene_Yellow,4,False,Before,3
351,383,383,w1eadd53,6,Scene_Red,1,True,After,3
352,384,384,w1eadd53,6,Food_Red,2,True,After,3
353,385,385,w1eadd53,6,Food_Green,3,True,After,3
354,386,386,w1eadd53,6,Scene_Green,4,True,After,3
355,387,387,w1eadd53,6,Object_Green,5,True,After,3
356,388,388,w1eadd53,7,Scene_Red,1,True,Before,3
357,389,389,w1eadd53,7,Food_Red,2,False,Before,3
358,390,390,w1eadd53,7,Object_Red,3,True,Before,3
359,391,391,w1eadd53,7,Food_Green,4,False,Before,3
360,392,392,w1eadd53,7,Object_Yellow,5,True,Before,3
361,393,393,w1eadd53,8,Object_Red,1,True,After,3
362,394,394,w1eadd53,8,Object_Blue,2,True,After,3
363,395,395,w1eadd53,8,Animal_Green,3,True,After,3
364,396,396,w1eadd53,8,Scene_Blue,4,False,After,3
365,397,397,w941cd9f,1,Food_Yellow,1,True,After,3
366,398,398,w941cd9f,1,Animal_Yellow,2,True,After,3
367,399,399,w941cd9f,1,Scene_Yellow,3,True,After,3
368,400,400,w941cd9f,1,Food_Blue,4,False,After,3
369,401,401,w941cd9f,1,Scene_Green,5,False,After,3
370,402,402,w941cd9f,1,Animal_Green,6,True,After,3
371,403,403,w941cd9f,2,Food_Blue,1,True,Before,3
372,404,404,w941cd9f,2,Scene_Blue,2,False,Before,3
373,405,405,w941cd9f,2,Object_Red,3,False,Before,3
374,406,406,w941cd9f,2,Scene_Green,4,True,Before,3
375,407,407,w941cd9f,2,Animal_Green,5,False,Before,3
376,408,408,w941cd9f,2,Object_Blue,6,True,Before,3
377,409,409,w941cd9f,3,Animal_Red,1,True,After,3
378,410,410,w941cd9f,3,Scene_Red,2,True,After,3
379,411,411,w941cd9f,3,Scene_Blue,3,True,After,3
380,412,412,w941cd9f,3,Food_Red,4,False,After,3
381,413,413,w941cd9f,3,Scene_Green,5,False,After,3
382,414,414,w941cd9f,3,Scene_Yellow,6,True,After,3
383,415,415,w941cd9f,4,Animal_Red,1,True,Before,3
384,416,416,w941cd9f,4,Object_Yellow,2,True,Before,3
385,417,417,w941cd9f,4,Food_Red,3,True,Before,3
386,418,418,w941cd9f,4,Food_Yellow,4,True,Before,3
387,419,419,w941cd9f,4,Object_Red,5,True,Before,3
388,420,420,w941cd9f,4,Irrelevant,6,False,Before,3
389,421,421,w941cd9f,5,Scene_Green,1,True,After,3
390,422,422,w941cd9f,5,Animal_Red,2,True,After,3
391,423,423,w941cd9f,5,Object_Red,3,False,After,3
392,424,424,w941cd9f,5,Animal_Green,4,True,After,3
393,425,425,w941cd9f,5,Scene_Red,5,True,After,3
394,426,426,w941cd9f,5,Scene_Blue,6,False,After,3
395,427,427,w941cd9f,6,Animal_Red,1,False,Before,3
396,428,428,w941cd9f,6,Scene_Green,2,True,Before,3
397,429,429,w941cd9f,6,Scene_Blue,3,False,Before,3
398,430,430,w941cd9f,6,Food_Yellow,4,True,Before,3
399,431,431,w941cd9f,6,Food_Red,5,True,Before,3
400,432,432,w941cd9f,6,Animal_Blue,6,False,Before,3
401,433,433,w941cd9f,7,Food_Blue,1,True,After,3
402,434,434,w941cd9f,7,Scene_Yellow,2,True,After,3
403,435,435,w941cd9f,7,Scene_Green,3,False,After,3
404,436,436,w941cd9f,7,Scene_Blue,4,True,After,3
405,437,437,w941cd9f,7,Object_Green,5,True,After,3
406,438,438,w941cd9f,7,Animal_Green,6,False,After,3
407,439,439,w941cd9f,8,Food_Blue,1,True,Before,3
408,440,440,w941cd9f,8,Object_Blue,2,True,Before,3
409,441,441,w941cd9f,8,Animal_Red,3,False,Before,3
410,442,442,w941cd9f,8,Food_Red,4,False,Before,3
411,443,443,w941cd9f,8,Scene_Green,5,False,Before,3
412,444,444,w941cd9f,8,Object_Green,6,False,Before,3
413,445,445,w3fb3b5b,1,Object_Red,1,True,Before,3
414,446,446,w3fb3b5b,1,Animal_Red,2,True,Before,3
415,447,447,w3fb3b5b,1,Animal_Green,4,False,Before,3
416,448,448,w3fb3b5b,1,Object_Green,5,True,Before,3
417,449,449,w3fb3b5b,2,Food_Blue,1,True,After,3
418,450,450,w3fb3b5b,2,Scene_Green,2,True,After,3
419,451,451,w3fb3b5b,2,Food_Yellow,3,True,After,3
420,452,452,w3fb3b5b,2,Scene_Yellow,5,True,After,3
421,453,453,w3fb3b5b,2,Object_Blue,6,True,After,3
422,454,454,w3fb3b5b,3,Animal_Green,2,True,Before,3
423,455,455,w3fb3b5b,3,Scene_Red,4,True,Before,3
424,456,456,w3fb3b5b,3,Scene_Green,5,True,Before,3
425,457,457,w3fb3b5b,3,Food_Blue,6,True,Before,3
426,458,458,w3fb3b5b,4,Scene_Blue,5,True,After,3
427,459,459,w3fb3b5b,4,Animal_Red,6,True,After,3
428,460,460,w3fb3b5b,5,Animal_Green,1,True,Before,3
429,461,461,w3fb3b5b,5,Object_Blue,2,True,Before,3
430,462,462,w3fb3b5b,5,Scene_Blue,3,False,Before,3
431,463,463,w3fb3b5b,5,Object_Green,4,True,Before,3
432,464,464,w3fb3b5b,6,Animal_Red,1,False,After,3
433,465,465,w3fb3b5b,6,Food_Red,2,True,After,3
434,466,466,w3fb3b5b,6,Scene_Blue,3,True,After,3
435,467,467,w3fb3b5b,7,Scene_Red,6,False,Before,3
436,468,468,w3fb3b5b,8,Animal_Green,2,False,After,3
437,469,469,w3fb3b5b,8,Scene_Red,5,True,After,3
438,470,470,w3fb3b5b,8,Food_Yellow,6,True,After,3
439,471,471,w1ef67ab,1,Scene_Blue,1,True,After,3
440,472,472,w1ef67ab,1,Food_Yellow,2,True,After,3
441,473,473,w1ef67ab,1,Animal_Green,3,True,After,3
442,474,474,w1ef67ab,1,Scene_Yellow,4,True,After,3
443,475,475,w1ef67ab,1,Animal_Blue,5,True,After,3
444,476,476,w1ef67ab,1,Animal_Green,6,True,After,3
445,477,477,w1ef67ab,2,Food_Blue,1,True,Before,3
446,478,478,w1ef67ab,2,Animal_Yellow,2,False,Before,3
447,479,479,w1ef67ab,2,Scene_Green,3,True,Before,3
448,480,480,w1ef67ab,2,Food_Red,4,True,Before,3
449,481,481,w1ef67ab,2,Food_Green,5,True,Before,3
450,482,482,w1ef67ab,2,Scene_Blue,6,False,Before,3
451,483,483,w1ef67ab,3,Object_Red,1,True,After,3
452,484,484,w1ef67ab,3,Animal_Red,2,True,After,3
453,485,485,w1ef67ab,3,Scene_Blue,3,True,After,3
454,486,486,w1ef67ab,3,Scene_Yellow,4,True,After,3
455,487,487,w1ef67ab,3,Scene_Red,5,True,After,3
456,488,488,w1ef67ab,3,Animal_Yellow,6,True,After,3
457,489,489,w1ef67ab,4,Food_Red,1,True,Before,3
458,490,490,w1ef67ab,4,Object_Red,2,True,Before,3
459,491,491,w1ef67ab,4,Food_Yellow,3,True,Before,3
460,492,492,w1ef67ab,4,Scene_Green,4,False,Before,3
461,493,493,w1ef67ab,4,Scene_Red,5,False,Before,3
462,494,494,w1ef67ab,4,Scene_Yellow,6,False,Before,3
463,495,495,w1ef67ab,5,Animal_Red,1,True,After,3
464,496,496,w1ef67ab,5,Scene_Red,2,True,After,3
465,497,497,w1ef67ab,5,Animal_Green,3,True,After,3
466,498,498,w1ef67ab,5,Object_Green,4,True,After,3
467,499,499,w1ef67ab,5,Animal_Blue,5,True,After,3
468,500,500,w1ef67ab,6,Animal_Green,1,True,Before,3
469,501,501,w1ef67ab,6,Animal_Red,2,False,Before,3
470,502,502,w1ef67ab,6,Scene_Red,3,True,Before,3
471,503,503,w1ef67ab,6,Scene_Green,4,True,Before,3
472,504,504,w1ef67ab,6,Food_Yellow,5,True,Before,3
473,505,505,w1ef67ab,6,Food_Red,6,True,Before,3
474,506,506,w1ef67ab,7,Scene_Yellow,1,True,After,3
475,507,507,w1ef67ab,7,Animal_Green,2,False,After,3
476,508,508,w1ef67ab,7,Animal_Red,3,False,After,3
477,509,509,w1ef67ab,7,Scene_Blue,4,True,After,3
478,510,510,w1ef67ab,7,Scene_Green,5,False,After,3
479,511,511,w1ef67ab,7,Scene_Red,6,False,After,3
480,512,512,w1ef67ab,8,Animal_Red,1,False,Before,3
481,513,513,w1ef67ab,8,Animal_Blue,2,True,Before,3
482,514,514,w1ef67ab,8,Object_Yellow,3,True,Before,3
483,515,515,w1ef67ab,8,Object_Blue,4,True,Before,3
484,516,516,w1ef67ab,8,Food_Red,5,False,Before,3
485,517,517,w1ef67ab,8,Object_Green,6,False,Before,3
486,518,518,wa1a03f2,1,Animal_Red,1,False,Before,3
487,519,519,wa1a03f2,1,Object_Red,2,False,Before,3
488,520,520,wa1a03f2,1,Scene_Red,3,False,Before,3
489,521,521,wa1a03f2,1,Food_Red,4,False,Before,3
490,522,522,wa1a03f2,1,Animal_Yellow,5,True,Before,3
491,523,523,wa1a03f2,1,Food_Yellow,6,True,Before,3
492,524,524,wa1a03f2,2,Object_Blue,1,True,After,3
493,525,525,wa1a03f2,2,Scene_Blue,2,False,After,3
494,526,526,wa1a03f2,2,Food_Red,3,True,After,3
495,527,527,wa1a03f2,2,Scene_Yellow,4,False,After,3
496,528,528,wa1a03f2,2,Animal_Blue,5,False,After,3
497,529,529,wa1a03f2,2,Food_Yellow,6,False,After,3
498,530,530,wa1a03f2,3,Object_Red,1,True,Before,3
499,531,531,wa1a03f2,3,Scene_Yellow,2,True,Before,3
500,532,532,wa1a03f2,3,Animal_Blue,3,False,Before,3
501,533,533,wa1a03f2,4,Food_Green,1,True,After,3
502,534,534,wa1a03f2,4,Animal_Red,2,True,After,3
503,535,535,wa1a03f2,4,Scene_Yellow,3,False,After,3
504,536,536,wa1a03f2,5,Object_Green,1,True,Before,3
505,537,537,wa1a03f2,5,Scene_Green,2,True,Before,3
506,538,538,wa1a03f2,5,Animal_Red,3,True,Before,3
507,539,539,wa1a03f2,6,Food_Red,3,True,After,3
508,540,540,wa1a03f2,6,Animal_Green,4,True,After,3
509,541,541,wa1a03f2,7,Object_Blue,1,True,Before,3
510,542,542,wa1a03f2,7,Food_Blue,2,True,Before,3
511,543,543,wa1a03f2,7,Object_Yellow,3,True,Before,3
512,544,544,wa1a03f2,7,Scene_Green,4,False,Before,3
513,545,545,wa1a03f2,7,Animal_Green,5,False,Before,3
514,546,546,wa1a03f2,8,Object_Blue,1,True,After,3
515,547,547,wa1a03f2,8,Food_Green,2,False,After,3
516,548,548,wa1a03f2,8,Animal_Red,3,False,After,3
517,549,549,wa1a03f2,8,Scene_Yellow,4,False,After,3
518,550,550,wa1a03f2,8,Object_Red,5,True,After,3
519,599,599,w59b3a22,1,Food_Blue,1,True,Before,3
520,600,600,w59b3a22,1,Scene_Blue,2,True,Before,3
521,601,601,w59b3a22,1,Food_Red,3,True,Before,3
522,602,602,w59b3a22,1,Food_Green,4,True,Before,3
523,603,603,w59b3a22,1,Object_Blue,5,True,Before,3
524,604,604,w59b3a22,1,Object_Green,6,True,Before,3
525,605,605,w59b3a22,2,Scene_Green,1,True,After,3
526,606,606,w59b3a22,2,Scene_Yellow,2,True,After,3
527,607,607,w59b3a22,2,Food_Green,3,True,After,3
528,608,608,w59b3a22,2,Scene_Blue,4,True,After,3
529,609,609,w59b3a22,2,Animal_Yellow,5,True,After,3
530,610,610,w59b3a22,2,Food_Yellow,6,True,After,3
531,611,611,w59b3a22,3,Animal_Green,1,True,Before,3
532,612,612,w59b3a22,3,Scene_Red,2,True,Before,3
533,613,613,w59b3a22,3,Animal_Red,3,True,Before,3
534,614,614,w59b3a22,3,Object_Red,4,True,Before,3
535,615,615,w59b3a22,3,Object_Yellow,5,True,Before,3
536,616,616,w59b3a22,3,Object_Green,6,True,Before,3
537,617,617,w59b3a22,4,Object_Blue,1,True,After,3
538,618,618,w59b3a22,4,Object_Red,2,True,After,3
539,619,619,w59b3a22,4,Food_Blue,3,True,After,3
540,620,620,w59b3a22,4,Animal_Yellow,4,True,After,3
541,621,621,w59b3a22,4,Object_Yellow,5,True,After,3
542,622,622,w59b3a22,5,Scene_Blue,1,True,Before,3
543,623,623,w59b3a22,5,Scene_Yellow,2,True,Before,3
544,624,624,w59b3a22,5,Scene_Green,3,True,Before,3
545,625,625,w59b3a22,5,Animal_Green,4,True,Before,3
546,626,626,w59b3a22,5,Animal_Blue,5,True,Before,3
547,627,627,w59b3a22,5,Object_Green,6,True,Before,3
548,628,628,w59b3a22,6,Scene_Red,1,True,After,3
549,629,629,w59b3a22,6,Food_Yellow,2,True,After,3
550,630,630,w59b3a22,6,Food_Blue,3,True,After,3
551,631,631,w59b3a22,6,Animal_Red,4,True,After,3
552,632,632,w59b3a22,6,Object_Yellow,5,False,After,3
553,633,633,w59b3a22,6,Animal_Yellow,6,True,After,3
554,634,634,w59b3a22,7,Scene_Red,1,True,Before,3
555,635,635,w59b3a22,7,Scene_Yellow,2,True,Before,3
556,636,636,w59b3a22,7,Scene_Green,3,True,Before,3
557,637,637,w59b3a22,7,Food_Yellow,4,True,Before,3
558,638,638,w59b3a22,7,Object_Yellow,5,True,Before,3
559,639,639,w59b3a22,7,Animal_Yellow,6,False,Before,3
560,640,640,w59b3a22,8,Object_Red,1,True,After,3
561,641,641,w59b3a22,8,Food_Red,2,True,After,3
562,642,642,w59b3a22,8,Animal_Green,3,True,After,3
563,643,643,w59b3a22,8,Food_Blue,4,False,After,3
564,644,644,w59b3a22,8,Object_Yellow,5,False,After,3
565,645,645,w82f4ec0,1,Animal_Red,1,True,Before,3
566,646,646,w82f4ec0,1,Food_Yellow,2,True,Before,3
567,647,647,w82f4ec0,1,Object_Red,3,True,Before,3
568,648,648,w82f4ec0,1,Object_Green,4,True,Before,3
569,649,649,w82f4ec0,2,Food_Blue,1,True,After,3
570,650,650,w82f4ec0,2,Food_Yellow,2,True,After,3
571,651,651,w82f4ec0,2,Animal_Red,3,False,After,3
572,652,652,w82f4ec0,2,Object_Green,4,False,After,3
573,653,653,w82f4ec0,3,Food_Yellow,1,False,Before,3
574,654,654,w82f4ec0,3,Scene_Blue,2,False,Before,3
575,655,655,w82f4ec0,3,Food_Blue,3,True,Before,3
576,656,656,w82f4ec0,3,Scene_Green,4,True,Before,3
577,657,657,w82f4ec0,3,Object_Blue,5,False,Before,3
578,658,658,w82f4ec0,3,Object_Green,6,False,Before,3
579,659,659,w82f4ec0,4,Scene_Yellow,1,True,After,3
580,660,660,w82f4ec0,4,Food_Blue,2,False,After,3
581,661,661,w82f4ec0,4,Food_Yellow,3,False,After,3
582,662,662,w82f4ec0,4,Scene_Blue,4,True,After,3
583,663,663,w82f4ec0,4,Animal_Green,5,False,After,3
584,664,664,w82f4ec0,4,Irrelevant,6,False,After,3
585,665,665,w82f4ec0,5,Food_Green,1,True,Before,3
586,666,666,w82f4ec0,5,Scene_Blue,2,False,Before,3
587,667,667,w82f4ec0,5,Animal_Yellow,3,False,Before,3
588,668,668,w82f4ec0,5,Animal_Red,4,False,Before,3
589,669,669,w82f4ec0,5,Irrelevant,5,False,Before,3
590,670,670,w82f4ec0,5,Scene_Yellow,6,False,Before,3
591,671,671,w82f4ec0,6,Animal_Red,1,False,After,3
592,672,672,w82f4ec0,6,Object_Green,2,False,After,3
593,673,673,w82f4ec0,6,Animal_Yellow,3,False,After,3
594,674,674,w82f4ec0,6,Object_Blue,4,False,After,3
595,675,675,w82f4ec0,6,Food_Green,5,False,After,3
596,676,676,w82f4ec0,6,Animal_Blue,6,False,After,3
597,677,677,w82f4ec0,7,Irrelevant,1,False,Before,3
598,678,678,w82f4ec0,7,Animal_Blue,2,True,Before,3
599,679,679,w82f4ec0,7,Object_Green,3,True,Before,3
600,680,680,w82f4ec0,7,Animal_Red,4,False,Before,3
601,681,681,w82f4ec0,7,Food_Green,5,False,Before,3
602,682,682,w82f4ec0,7,Food_Yellow,6,False,Before,3
603,683,683,w82f4ec0,8,Irrelevant,1,False,After,3
604,684,684,w82f4ec0,8,Object_Blue,2,False,After,3
605,685,685,w82f4ec0,8,Object_Green,3,False,After,3
606,686,686,w82f4ec0,8,Animal_Red,4,True,After,3
607,687,687,w82f4ec0,8,Scene_Green,5,False,After,3
608,688,688,w82f4ec0,8,Animal_Green,6,False,After,3
609,689,689,w8efa7d8,1,Animal_Blue,1,True,After,3
610,690,690,w8efa7d8,1,Irrelevant,2,False,After,3
611,691,691,w8efa7d8,1,Food_Blue,3,True,After,3
612,692,692,w8efa7d8,1,Object_Blue,4,True,After,3
613,693,693,w8efa7d8,1,Animal_Green,5,True,After,3
614,694,694,w8efa7d8,1,Scene_Yellow,6,False,After,3
615,695,695,w8efa7d8,2,Food_Red,1,True,Before,3
616,696,696,w8efa7d8,2,Scene_Red,2,True,Before,3
617,697,697,w8efa7d8,2,Scene_Green,3,True,Before,3
618,698,698,w8efa7d8,2,Object_Red,4,True,Before,3
619,699,699,w8efa7d8,2,Object_Blue,5,True,Before,3
620,700,700,w8efa7d8,2,Scene_Blue,6,True,Before,3
621,701,701,w8efa7d8,3,Animal_Yellow,1,True,After,3
622,702,702,w8efa7d8,3,Scene_Yellow,6,True,After,3
623,765,765,wcc4ec90,1,Scene_Blue,1,True,Before,3
624,766,766,wcc4ec90,1,Food_Green,2,True,Before,3
625,767,767,wcc4ec90,1,Food_Blue,3,True,Before,3
626,768,768,wcc4ec90,1,Food_Red,4,True,Before,3
627,769,769,wcc4ec90,1,Object_Blue,5,True,Before,3
628,770,770,wcc4ec90,1,Object_Green,6,True,Before,3
629,771,771,wcc4ec90,2,Scene_Yellow,1,True,After,3
630,772,772,wcc4ec90,2,Animal_Yellow,2,True,After,3
631,773,773,wcc4ec90,2,Scene_Green,3,True,After,3
632,774,774,wcc4ec90,2,Scene_Blue,4,True,After,3
633,775,775,wcc4ec90,2,Food_Yellow,5,True,After,3
634,776,776,wcc4ec90,2,Food_Green,6,True,After,3
635,777,777,wcc4ec90,3,Object_Red,1,True,Before,3
636,778,778,wcc4ec90,3,Scene_Red,2,True,Before,3
637,779,779,wcc4ec90,3,Scene_Blue,3,False,Before,3
638,780,780,wcc4ec90,3,Object_Green,4,True,Before,3
639,781,781,wcc4ec90,3,Scene_Green,5,False,Before,3
640,782,782,wcc4ec90,3,Food_Yellow,6,False,Before,3
641,783,783,wcc4ec90,4,Object_Yellow,1,True,After,3
642,784,784,wcc4ec90,4,Animal_Yellow,2,True,After,3
643,785,785,wcc4ec90,4,Object_Red,3,True,After,3
644,786,786,wcc4ec90,4,Food_Blue,4,True,After,3
645,787,787,wcc4ec90,4,Object_Blue,5,True,After,3
646,788,788,wcc4ec90,4,Animal_Blue,6,True,After,3
647,789,789,wcc4ec90,5,Scene_Green,1,True,Before,3
648,790,790,wcc4ec90,5,Scene_Yellow,2,True,Before,3
649,791,791,wcc4ec90,5,Object_Yellow,3,False,Before,3
650,792,792,wcc4ec90,5,Animal_Blue,4,True,Before,3
651,793,793,wcc4ec90,5,Object_Green,5,True,Before,3
652,794,794,wcc4ec90,5,Food_Blue,6,False,Before,3
653,795,795,wcc4ec90,6,Food_Blue,1,True,After,3
654,796,796,wcc4ec90,6,Food_Yellow,2,True,After,3
655,797,797,wcc4ec90,6,Scene_Red,3,True,After,3
656,798,798,wcc4ec90,6,Animal_Yellow,4,True,After,3
657,799,799,wcc4ec90,6,Food_Red,5,True,After,3
658,800,800,wcc4ec90,6,Animal_Red,6,True,After,3
659,801,801,wcc4ec90,7,Object_Yellow,1,True,Before,3
660,802,802,wcc4ec90,7,Scene_Yellow,2,True,Before,3
661,803,803,wcc4ec90,7,Scene_Red,3,True,Before,3
662,804,804,wcc4ec90,7,Scene_Green,4,True,Before,3
663,805,805,wcc4ec90,7,Food_Green,5,True,Before,3
664,806,806,wcc4ec90,7,Food_Yellow,6,True,Before,3
665,807,807,wcc4ec90,8,Object_Blue,1,True,After,3
666,808,808,wcc4ec90,8,Animal_Green,2,True,After,3
667,809,809,wcc4ec90,8,Animal_Blue,3,True,After,3
668,810,810,wcc4ec90,8,Object_Red,4,True,After,3
669,811,811,wcc4ec90,8,Food_Red,5,True,After,3
670,812,812,wcc4ec90,8,Food_Yellow,6,False,After,3
671,813,813,w8de3f64,1,Scene_Yellow,1,True,After,3
672,814,814,w8de3f64,1,Scene_Blue,2,True,After,3
673,815,815,w8de3f64,1,Animal_Yellow,3,True,After,3
674,816,816,w8de3f64,1,Scene_Red,4,True,After,3
675,817,817,w8de3f64,1,Animal_Blue,5,True,After,3
676,818,818,w8de3f64,1,Food_Blue,6,True,After,3
677,819,819,w8de3f64,2,Object_Yellow,1,True,Before,3
678,820,820,w8de3f64,2,Food_Yellow,2,True,Before,3
679,821,821,w8de3f64,2,Scene_Green,3,True,Before,3
680,822,822,w8de3f64,2,Scene_Yellow,4,True,Before,3
681,823,823,w8de3f64,2,Food_Red,5,True,Before,3
682,824,824,w8de3f64,3,Animal_Green,1,True,After,3
683,825,825,w8de3f64,3,Object_Yellow,2,True,After,3
684,826,826,w8de3f64,3,Object_Blue,3,True,After,3
685,827,827,w8de3f64,3,Animal_Blue,4,True,After,3
686,828,828,w8de3f64,3,Food_Red,5,False,After,3
687,829,829,w8de3f64,4,Object_Green,1,True,Before,3
688,830,830,w8de3f64,4,Animal_Red,2,True,Before,3
689,831,831,w8de3f64,4,Animal_Green,3,True,Before,3
690,832,832,w8de3f64,4,Scene_Red,4,True,Before,3
691,833,833,w8de3f64,4,Object_Red,5,True,Before,3
692,834,834,w8de3f64,4,Object_Blue,6,True,Before,3
693,835,835,w8de3f64,5,Animal_Green,1,True,After,3
694,836,836,w8de3f64,5,Scene_Red,2,True,After,3
695,837,837,w8de3f64,5,Object_Red,3,True,After,3
696,838,838,w8de3f64,5,Scene_Green,4,True,After,3
697,839,839,w8de3f64,5,Object_Yellow,5,True,After,3
698,840,840,w8de3f64,6,Scene_Blue,1,True,Before,3
699,841,841,w8de3f64,6,Scene_Red,2,False,Before,3
700,842,842,w8de3f64,6,Animal_Red,3,True,Before,3
701,843,843,w8de3f64,7,Scene_Green,1,True,After,3
702,844,844,w8de3f64,7,Scene_Blue,2,True,After,3
703,845,845,w8de3f64,7,Object_Blue,3,True,After,3
704,846,846,w8de3f64,7,Food_Green,4,True,After,3
705,847,847,w8de3f64,7,Scene_Red,5,False,After,3
706,848,848,w8de3f64,8,Food_Blue,1,True,Before,3
707,849,849,w8de3f64,8,Food_Red,2,True,Before,3
708,850,850,we83fa8f,1,Animal_Red,1,True,Before,3
709,851,851,we83fa8f,1,Food_Yellow,2,True,Before,3
710,852,852,we83fa8f,1,Object_Red,3,True,Before,3
711,853,853,we83fa8f,1,Animal_Green,4,False,Before,3
712,854,854,we83fa8f,1,Object_Yellow,5,True,Before,3
713,855,855,we83fa8f,1,Irrelevant,6,False,Before,3
714,856,856,we83fa8f,2,Scene_Blue,1,True,After,3
715,857,857,we83fa8f,2,Scene_Yellow,2,True,After,3
716,858,858,we83fa8f,2,Food_Blue,3,True,After,3
717,859,859,we83fa8f,2,Food_Yellow,4,True,After,3
718,860,860,we83fa8f,2,Scene_Green,5,True,After,3
719,861,861,we83fa8f,3,Food_Green,1,True,Before,3
720,862,862,we83fa8f,3,Scene_Green,2,True,Before,3
721,863,863,we83fa8f,3,Object_Yellow,3,False,Before,3
722,864,864,we83fa8f,3,Food_Blue,4,True,Before,3
723,865,865,we83fa8f,3,Animal_Yellow,5,False,Before,3
724,866,866,we83fa8f,4,Animal_Red,1,True,After,3
725,867,867,we83fa8f,4,Scene_Red,2,False,After,3
726,868,868,we83fa8f,4,Object_Blue,3,False,After,3
727,869,869,we83fa8f,5,Object_Green,1,True,Before,3
728,870,870,we83fa8f,5,Scene_Yellow,2,False,Before,3
729,871,871,we83fa8f,5,Scene_Blue,3,False,Before,3
730,872,872,we83fa8f,5,Scene_Green,4,False,Before,3
731,873,873,we83fa8f,5,Animal_Green,5,True,Before,3
732,874,874,we83fa8f,5,Food_Yellow,6,False,Before,3
733,875,875,we83fa8f,6,Scene_Yellow,1,True,After,3
734,876,876,we83fa8f,6,Food_Blue,2,True,After,3
735,877,877,we83fa8f,6,Food_Red,3,True,After,3
736,878,878,we83fa8f,6,Scene_Blue,4,True,After,3
737,879,879,we83fa8f,6,Object_Blue,5,False,After,3
738,880,880,we83fa8f,7,Object_Green,1,True,Before,3
739,881,881,we83fa8f,7,Animal_Green,2,True,Before,3
740,882,882,we83fa8f,7,Scene_Green,3,True,Before,3
741,883,883,we83fa8f,7,Object_Red,4,True,Before,3
742,884,884,we83fa8f,7,Food_Blue,5,False,Before,3
743,885,885,we83fa8f,7,Animal_Blue,6,True,Before,3
744,886,886,we83fa8f,8,Food_Green,1,True,After,3
745,887,887,we83fa8f,8,Food_Red,2,True,After,3
746,888,888,we83fa8f,8,Food_Yellow,3,True,After,3
747,889,889,we83fa8f,8,Animal_Green,4,False,After,3
748,890,890,we83fa8f,8,Food_Yellow,5,True,After,3
749,891,891,we83fa8f,8,Scene_Green,6,False,After,3
750,892,892,w5092120,1,Food_Blue,1,False,Before,3
751,893,893,w5092120,1,Scene_Blue,2,True,Before,3
752,894,894,w5092120,1,Scene_Yellow,3,True,Before,3
753,895,895,w5092120,1,Animal_Yellow,4,True,Before,3
754,896,896,w5092120,1,Animal_Green,5,True,Before,3
755,897,897,w5092120,1,Food_Yellow,6,True,Before,3
756,898,898,w5092120,2,Object_Green,1,True,After,3
757,899,899,w5092120,2,Food_Blue,3,True,After,3
758,900,900,w5092120,2,Scene_Green,4,True,After,3
759,901,901,w5092120,2,Food_Red,6,True,After,3
760,902,902,w5092120,3,Irrelevant,1,False,Before,3
761,903,903,w5092120,3,Irrelevant,2,False,Before,3
762,904,904,w5092120,3,Irrelevant,3,False,Before,3
763,905,905,w5092120,3,Irrelevant,4,False,Before,3
764,906,906,w5092120,3,Irrelevant,5,False,Before,3
765,907,907,w5092120,3,Irrelevant,6,False,Before,3
766,908,908,w5092120,4,Food_Red,1,True,After,3
767,909,909,w5092120,4,Object_Yellow,2,True,After,3
768,910,910,w5092120,4,Scene_Yellow,3,False,After,3
769,911,911,w5092120,4,Object_Red,4,True,After,3
770,912,912,w5092120,4,Food_Green,6,True,After,3
771,913,913,w5092120,8,Scene_Blue,1,False,After,3
772,914,914,w5092120,8,Object_Yellow,2,True,After,3
773,915,915,w5092120,8,Food_Blue,3,True,After,3
774,916,916,w5092120,8,Food_Yellow,4,False,After,3
775,917,917,w5092120,8,Object_Blue,5,True,After,3
776,918,918,w5092120,8,Animal_Red,6,False,After,3
777,919,919,w0a25e9c,1,Scene_Yellow,1,True,Before,3
778,920,920,w0a25e9c,1,Scene_Blue,2,True,Before,3
779,921,921,w0a25e9c,1,Animal_Blue,3,True,Before,3
780,922,922,w0a25e9c,1,Animal_Green,4,True,Before,3
781,923,923,w0a25e9c,1,Food_Yellow,5,True,Before,3
782,924,924,w0a25e9c,1,Food_Blue,6,False,Before,3
783,925,925,w0a25e9c,2,Object_Green,1,True,After,3
784,926,926,w0a25e9c,2,Scene_Green,2,True,After,3
785,927,927,w0a25e9c,2,Food_Blue,3,True,After,3
786,928,928,w0a25e9c,3,Scene_Yellow,1,True,Before,3
787,929,929,w0a25e9c,3,Scene_Red,2,True,Before,3
788,930,930,w0a25e9c,3,Object_Blue,3,False,Before,3
789,931,931,w0a25e9c,3,Food_Blue,4,False,Before,3
790,932,932,w0a25e9c,3,Object_Red,5,True,Before,3
791,933,933,w0a25e9c,3,Food_Red,6,False,Before,3
792,934,934,w0a25e9c,4,Animal_Red,1,True,After,3
793,935,935,w0a25e9c,4,Object_Red,2,True,After,3
794,936,936,w0a25e9c,4,Scene_Blue,3,False,After,3
795,937,937,w0a25e9c,4,Food_Yellow,4,True,After,3
796,938,938,w0a25e9c,4,Food_Green,5,True,After,3
797,939,939,w0a25e9c,4,Scene_Yellow,6,False,After,3
798,940,940,w0a25e9c,5,Animal_Red,1,True,Before,3
799,941,941,w0a25e9c,5,Object_Green,2,True,Before,3
800,942,942,w0a25e9c,5,Scene_Red,3,True,Before,3
801,943,943,w0a25e9c,5,Animal_Green,4,True,Before,3
802,944,944,w0a25e9c,6,Food_Green,1,True,After,3
803,945,945,w0a25e9c,6,Food_Red,2,True,After,3
804,946,946,w0a25e9c,6,Food_Yellow,3,True,After,3
805,947,947,w0a25e9c,6,Scene_Red,4,True,After,3
806,948,948,w0a25e9c,6,Scene_Green,5,True,After,3
807,949,949,w0a25e9c,6,Animal_Green,6,True,After,3
808,950,950,w0a25e9c,7,Object_Yellow,1,True,Before,3
809,951,951,w0a25e9c,7,Animal_Green,2,False,Before,3
810,952,952,w0a25e9c,7,Object_Blue,3,True,Before,3
811,953,953,w0a25e9c,7,Scene_Blue,4,True,Before,3
812,954,954,w0a25e9c,7,Scene_Yellow,5,True,Before,3
813,955,955,w0a25e9c,7,Scene_Red,6,False,Before,3
814,956,956,w0a25e9c,8,Object_Red,1,True,After,3
815,957,957,w0a25e9c,8,Food_Blue,2,True,After,3
816,958,958,w0a25e9c,8,Object_Yellow,3,True,After,3
817,959,959,w0a25e9c,8,Scene_Yellow,4,False,After,3
818,960,960,w0a25e9c,8,Animal_Yellow,5,True,After,3
819,961,961,w0a25e9c,8,Irrelevant,6,False,After,3
820,962,962,wbb74717,1,Animal_Yellow,1,True,Before,3
821,963,963,wbb74717,1,Food_Yellow,2,True,Before,3
822,964,964,wbb74717,1,Scene_Blue,3,True,Before,3
823,965,965,wbb74717,1,Scene_Yellow,4,True,Before,3
824,966,966,wbb74717,1,Animal_Green,5,True,Before,3
825,967,967,wbb74717,1,Object_Green,6,False,Before,3
826,968,968,wbb74717,2,Scene_Green,1,True,After,3
827,969,969,wbb74717,2,Food_Red,2,True,After,3
828,970,970,wbb74717,2,Food_Green,3,True,After,3
829,971,971,wbb74717,2,Food_Blue,4,True,After,3
830,972,972,wbb74717,2,Object_Green,5,True,After,3
831,973,973,wbb74717,2,Irrelevant,6,False,After,3
832,974,974,wbb74717,3,Scene_Yellow,1,True,Before,3
833,975,975,wbb74717,3,Animal_Yellow,2,True,Before,3
834,976,976,wbb74717,3,Scene_Red,3,True,Before,3
835,977,977,wbb74717,3,Animal_Red,4,True,Before,3
836,978,978,wbb74717,3,Scene_Blue,5,True,Before,3
837,979,979,wbb74717,3,Food_Blue,6,False,Before,3
838,980,980,wbb74717,4,Object_Yellow,1,True,After,3
839,981,981,wbb74717,4,Object_Red,2,True,After,3
840,982,982,wbb74717,4,Animal_Red,3,True,After,3
841,983,983,wbb74717,4,Food_Green,4,True,After,3
842,984,984,wbb74717,4,Food_Red,5,True,After,3
843,985,985,wbb74717,4,Irrelevant,6,False,After,3
844,986,986,wbb74717,5,Scene_Green,1,True,Before,3
845,987,987,wbb74717,5,Animal_Green,2,True,Before,3
846,988,988,wbb74717,5,Scene_Red,3,True,Before,3
847,989,989,wbb74717,5,Object_Red,4,False,Before,3
848,990,990,wbb74717,6,Food_Yellow,1,True,After,3
849,991,991,wbb74717,6,Scene_Red,2,True,After,3
850,992,992,wbb74717,6,Animal_Red,3,False,After,3
851,993,993,wbb74717,7,Scene_Blue,1,True,Before,3
852,994,994,wbb74717,7,Scene_Yellow,2,True,Before,3
853,995,995,wbb74717,7,Food_Yellow,3,False,Before,3
854,996,996,wbb74717,8,Scene_Blue,1,False,After,3
855,997,997,wbb74717,8,Food_Blue,2,True,After,3
856,998,998,wbb74717,8,Food_Yellow,3,False,After,3
857,999,999,wbb74717,8,Object_Red,4,True,After,3
858,1000,1000,wbb74717,8,Scene_Yellow,5,False,After,3
859,1001,1001,wbb74717,8,Scene_Red,6,False,After,3
860,1014,1014,w2ffc298,1,Irrelevant,1,False,After,3
861,1015,1015,w2ffc298,1,Irrelevant,2,False,After,3
862,1016,1016,w2ffc298,1,Irrelevant,3,False,After,3
863,1017,1017,w2ffc298,1,Irrelevant,4,False,After,3
864,1018,1018,w2ffc298,1,Irrelevant,5,False,After,3
865,1019,1019,w2ffc298,1,Irrelevant,6,False,After,3
866,1020,1020,w2ffc298,2,Irrelevant,1,False,Before,3
867,1021,1021,w2ffc298,2,Irrelevant,2,False,Before,3
868,1022,1022,w2ffc298,2,Irrelevant,3,False,Before,3
869,1023,1023,w2ffc298,2,Irrelevant,4,False,Before,3
870,1024,1024,w2ffc298,2,Irrelevant,5,False,Before,3
871,1025,1025,w2ffc298,2,Irrelevant,6,False,Before,3
872,1026,1026,w2ffc298,3,Irrelevant,1,False,After,3
873,1027,1027,w2ffc298,3,Irrelevant,2,False,After,3
874,1028,1028,w2ffc298,3,Irrelevant,3,False,After,3
875,1029,1029,w2ffc298,3,Irrelevant,4,False,After,3
876,1030,1030,w2ffc298,3,Irrelevant,5,False,After,3
877,1031,1031,w2ffc298,3,Irrelevant,6,False,After,3
878,1032,1032,w2ffc298,4,Irrelevant,1,False,Before,3
879,1033,1033,w2ffc298,4,Irrelevant,2,False,Before,3
880,1034,1034,w2ffc298,4,Irrelevant,3,False,Before,3
881,1035,1035,w2ffc298,4,Irrelevant,4,False,Before,3
882,1036,1036,w2ffc298,4,Irrelevant,5,False,Before,3
883,1037,1037,w2ffc298,4,Irrelevant,6,False,Before,3
884,1038,1038,w2ffc298,5,Irrelevant,1,False,After,3
885,1039,1039,w2ffc298,5,Irrelevant,2,False,After,3
886,1040,1040,w2ffc298,5,Irrelevant,3,False,After,3
887,1041,1041,w2ffc298,5,Irrelevant,4,False,After,3
888,1042,1042,w2ffc298,5,Irrelevant,5,False,After,3
889,1043,1043,w2ffc298,5,Irrelevant,6,False,After,3
890,1044,1044,w2ffc298,6,Irrelevant,1,False,Before,3
891,1045,1045,w2ffc298,6,Irrelevant,2,False,Before,3
892,1046,1046,w2ffc298,6,Irrelevant,3,False,Before,3
893,1047,1047,w2ffc298,6,Irrelevant,4,False,Before,3
894,1048,1048,w2ffc298,6,Irrelevant,5,False,Before,3
895,1049,1049,w2ffc298,6,Irrelevant,6,False,Before,3
896,1050,1050,w2ffc298,7,Irrelevant,1,False,After,3
897,1051,1051,w2ffc298,7,Irrelevant,2,False,After,3
898,1052,1052,w2ffc298,7,Irrelevant,3,False,After,3
899,1053,1053,w2ffc298,7,Irrelevant,4,False,After,3
900,1054,1054,w2ffc298,7,Irrelevant,5,False,After,3
901,1055,1055,w2ffc298,7,Irrelevant,6,False,After,3
902,1056,1056,w2ffc298,8,Irrelevant,1,False,Before,3
903,1057,1057,w2ffc298,8,Irrelevant,2,False,Before,3
904,1058,1058,w2ffc298,8,Irrelevant,3,False,Before,3
905,1059,1059,w2ffc298,8,Irrelevant,4,False,Before,3
906,1060,1060,w2ffc298,8,Irrelevant,5,False,Before,3
907,1061,1061,w2ffc298,8,Irrelevant,6,False,Before,3
908,1062,1062,w0c031fe,1,Object_Blue,1,True,After,3
909,1063,1063,w0c031fe,1,Food_Red,2,False,After,3
910,1064,1064,w0c031fe,1,Scene_Red,3,False,After,3
911,1065,1065,w0c031fe,1,Animal_Blue,4,True,After,3
912,1066,1066,w0c031fe,1,Object_Yellow,6,True,After,3
913,1067,1067,w0c031fe,2,Object_Red,2,True,Before,3
914,1068,1068,w0c031fe,2,Scene_Red,3,True,Before,3
915,1069,1069,w0c031fe,2,Food_Red,5,True,Before,3
916,1070,1070,w0c031fe,3,Scene_Yellow,1,True,After,3
917,1071,1071,w0c031fe,3,Food_Red,2,True,After,3
918,1072,1072,w0c031fe,3,Object_Blue,3,False,After,3
919,1073,1073,w0c031fe,3,Food_Yellow,4,True,After,3
920,1074,1074,w0c031fe,3,Animal_Red,5,True,After,3
921,1075,1075,w0c031fe,4,Scene_Yellow,1,True,Before,3
922,1076,1076,w0c031fe,4,Food_Red,2,False,Before,3
923,1077,1077,w0c031fe,4,Animal_Blue,3,True,Before,3
924,1078,1078,w0c031fe,4,Food_Green,4,False,Before,3
925,1079,1079,w0c031fe,4,Animal_Yellow,5,True,Before,3
926,1080,1080,w0c031fe,5,Food_Blue,1,True,After,3
927,1081,1081,w0c031fe,5,Scene_Green,2,True,After,3
928,1082,1082,w0c031fe,5,Animal_Red,3,False,After,3
929,1083,1083,w0c031fe,5,Scene_Blue,4,False,After,3
930,1084,1084,w0c031fe,5,Food_Green,5,True,After,3
931,1085,1085,w0c031fe,6,Food_Yellow,1,True,Before,3
932,1086,1086,w0c031fe,6,Scene_Green,2,True,Before,3
933,1087,1087,w0c031fe,6,Object_Green,3,True,Before,3
934,1088,1088,w0c031fe,6,Food_Blue,4,False,Before,3
935,1089,1089,w0c031fe,6,Scene_Blue,5,False,Before,3
936,1090,1090,w0c031fe,6,Scene_Blue,6,False,Before,3
937,1091,1091,w0c031fe,7,Scene_Yellow,1,True,After,3
938,1092,1092,w0c031fe,7,Object_Yellow,2,True,After,3
939,1093,1093,w0c031fe,7,Animal_Red,3,True,After,3
940,1094,1094,w0c031fe,7,Scene_Green,4,False,After,3
941,1095,1095,w0c031fe,7,Scene_Red,5,True,After,3
942,1096,1096,w0c031fe,8,Animal_Blue,1,True,Before,3
943,1097,1097,w0c031fe,8,Object_Green,2,True,Before,3
944,1098,1098,w0c031fe,8,Object_Blue,3,True,Before,3
945,1099,1099,w0c031fe,8,Food_Blue,4,True,Before,3
946,1100,1100,w4ccf510,1,Object_Green,1,True,Before,3
947,1101,1101,w4ccf510,1,Food_Red,2,True,Before,3
948,1102,1102,w4ccf510,1,Object_Blue,3,True,Before,3
949,1103,1103,w4ccf510,1,Food_Yellow,4,False,Before,3
950,1104,1104,w4ccf510,1,Scene_Blue,5,True,Before,3
951,1105,1105,w4ccf510,1,Animal_Green,6,False,Before,3
952,1106,1106,w4ccf510,2,Animal_Yellow,1,True,After,3
953,1107,1107,w4ccf510,2,Food_Green,2,True,After,3
954,1108,1108,w4ccf510,2,Scene_Green,3,True,After,3
955,1109,1109,w4ccf510,2,Scene_Yellow,4,True,After,3
956,1110,1110,w4ccf510,2,Food_Yellow,5,True,After,3
957,1111,1111,w4ccf510,2,Scene_Blue,6,True,After,3
958,1112,1112,w4ccf510,3,Scene_Red,1,True,Before,3
959,1113,1113,w4ccf510,3,Object_Yellow,2,True,Before,3
960,1114,1114,w4ccf510,3,Object_Green,3,True,Before,3
961,1115,1115,w4ccf510,3,Food_Yellow,4,False,Before,3
962,1116,1116,w4ccf510,4,Animal_Blue,1,True,After,3
963,1117,1117,w4ccf510,4,Object_Yellow,2,True,After,3
964,1118,1118,w4ccf510,4,Food_Blue,3,True,After,3
965,1119,1119,w4ccf510,4,Food_Yellow,4,False,After,3
966,1120,1120,w4ccf510,4,Scene_Red,5,False,After,3
967,1121,1121,w4ccf510,5,Scene_Blue,1,True,Before,3
968,1122,1122,w4ccf510,5,Object_Green,2,True,Before,3
969,1123,1123,w4ccf510,5,Animal_Green,3,True,Before,3
970,1124,1124,w4ccf510,5,Object_Yellow,4,False,Before,3
971,1125,1125,w4ccf510,5,Food_Blue,5,False,Before,3
972,1126,1126,w4ccf510,6,Animal_Yellow,1,True,After,3
973,1127,1127,w4ccf510,6,Scene_Red,2,True,After,3
974,1128,1128,w4ccf510,6,Food_Red,3,True,After,3
975,1129,1129,w4ccf510,6,Food_Blue,4,True,After,3
976,1130,1130,w4ccf510,6,Food_Yellow,5,True,After,3
977,1131,1131,w4ccf510,6,Animal_Green,6,False,After,3
978,1132,1132,w4ccf510,7,Scene_Red,1,True,Before,3
979,1133,1133,w4ccf510,7,Food_Yellow,2,True,Before,3
980,1134,1134,w4ccf510,7,Scene_Green,3,True,Before,3
981,1135,1135,w4ccf510,7,Scene_Yellow,4,True,Before,3
982,1136,1136,w4ccf510,7,Object_Yellow,5,True,Before,3
983,1137,1137,w4ccf510,8,Animal_Yellow,1,False,After,3
984,1138,1138,w4ccf510,8,Object_Blue,2,True,After,3
985,1139,1139,w4ccf510,8,Animal_Red,3,True,After,3
986,1140,1140,w4ccf510,8,Food_Red,4,True,After,3
987,1141,1141,w4ccf510,8,Food_Yellow,5,False,After,3
988,1142,1142,wb5c4def,1,Animal_Red,1,False,After,3
989,1143,1143,wb5c4def,1,Object_Red,2,False,After,3
990,1144,1144,wb5c4def,1,Scene_Red,3,False,After,3
991,1145,1145,wb5c4def,1,Object_Blue,4,False,After,3
992,1146,1146,wb5c4def,1,Food_Blue,5,False,After,3
993,1147,1147,wb5c4def,1,Scene_Blue,6,True,After,3
994,1148,1148,wb5c4def,2,Food_Red,1,True,Before,3
995,1149,1149,wb5c4def,2,Object_Green,2,True,Before,3
996,1150,1150,wb5c4def,2,Scene_Green,3,True,Before,3
997,1151,1151,wb5c4def,2,Food_Green,4,True,Before,3
998,1152,1152,wb5c4def,2,Object_Blue,5,True,Before,3
999,1153,1153,wb5c4def,2,Food_Blue,6,True,Before,3
1000,1154,1154,wb5c4def,3,Animal_Yellow,1,True,After,3
1001,1155,1155,wb5c4def,3,Animal_Red,2,True,After,3
1002,1156,1156,wb5c4def,3,Object_Red,3,True,After,3
1003,1157,1157,wb5c4def,3,Scene_Blue,4,True,After,3
1004,1158,1158,wb5c4def,3,Scene_Yellow,5,True,After,3
1005,1159,1159,wb5c4def,3,Scene_Red,6,True,After,3
1006,1160,1160,wb5c4def,4,Animal_Red,1,True,Before,3
1007,1161,1161,wb5c4def,4,Food_Yellow,2,True,Before,3
1008,1162,1162,wb5c4def,4,Object_Red,3,True,Before,3
1009,1163,1163,wb5c4def,4,Object_Yellow,4,True,Before,3
1010,1164,1164,wb5c4def,4,Animal_Yellow,5,False,Before,3
1011,1165,1165,wb5c4def,4,Food_Green,6,True,Before,3
1012,1166,1166,wb5c4def,5,Animal_Red,1,True,After,3
1013,1167,1167,wb5c4def,5,Object_Green,2,True,After,3
1014,1168,1168,wb5c4def,5,Scene_Red,3,True,After,3
1015,1169,1169,wb5c4def,5,Animal_Green,4,True,After,3
1016,1170,1170,wb5c4def,5,Food_Green,5,False,After,3
1017,1171,1171,wb5c4def,5,Object_Red,6,False,After,3
1018,1172,1172,wb5c4def,6,Food_Red,1,True,Before,3
1019,1173,1173,wb5c4def,6,Animal_Red,2,False,Before,3
1020,1174,1174,wb5c4def,6,Food_Yellow,3,True,Before,3
1021,1175,1175,wb5c4def,6,Scene_Green,4,True,Before,3
1022,1176,1176,wb5c4def,6,Animal_Green,5,True,Before,3
1023,1177,1177,wb5c4def,6,Animal_Blue,6,False,Before,3
1024,1178,1178,wb5c4def,7,Food_Blue,1,True,After,3
1025,1179,1179,wb5c4def,7,Object_Blue,2,True,After,3
1026,1180,1180,wb5c4def,7,Object_Yellow,3,True,After,3
1027,1181,1181,wb5c4def,7,Scene_Yellow,4,True,After,3
1028,1182,1182,wb5c4def,7,Scene_Red,5,False,After,3
1029,1183,1183,wb5c4def,7,Object_Green,6,True,After,3
1030,1184,1184,wb5c4def,8,Food_Blue,1,True,Before,3
1031,1185,1185,wb5c4def,8,Animal_Yellow,2,True,Before,3
1032,1186,1186,wb5c4def,8,Object_Blue,3,True,Before,3
1033,1187,1187,wb5c4def,8,Object_Yellow,4,True,Before,3
1034,1188,1188,wb5c4def,8,Food_Red,5,False,Before,3
1035,1189,1189,wb5c4def,8,Animal_Green,6,False,Before,3
1036,1234,1234,wdad9375,1,Food_Yellow,1,True,After,3
1037,1235,1235,wdad9375,1,Scene_Yellow,2,True,After,3
1038,1236,1236,wdad9375,1,Scene_Blue,3,True,After,3
1039,1237,1237,wdad9375,1,Animal_Green,4,True,After,3
1040,1238,1238,wdad9375,1,Food_Red,5,False,After,3
1041,1239,1239,wdad9375,1,Food_Blue,6,False,After,3
1042,1240,1240,wdad9375,2,Food_Red,1,True,Before,3
1043,1241,1241,wdad9375,2,Object_Blue,2,True,Before,3
1044,1242,1242,wdad9375,2,Scene_Green,3,True,Before,3
1045,1243,1243,wdad9375,2,Object_Green,4,True,Before,3
1046,1244,1244,wdad9375,2,Food_Blue,5,True,Before,3
1047,1245,1245,wdad9375,2,Food_Green,6,True,Before,3
1048,1246,1246,wdad9375,3,Scene_Red,1,True,After,3
1049,1247,1247,wdad9375,3,Animal_Yellow,2,True,After,3
1050,1248,1248,wdad9375,3,Object_Blue,3,False,After,3
1051,1249,1249,wdad9375,3,Scene_Blue,4,True,After,3
1052,1250,1250,wdad9375,3,Food_Green,5,False,After,3
1053,1251,1251,wdad9375,3,Animal_Green,6,False,After,3
1054,1252,1252,wdad9375,4,Food_Red,1,True,Before,3
1055,1253,1253,wdad9375,4,Food_Green,2,True,Before,3
1056,1254,1254,wdad9375,4,Animal_Red,3,True,Before,3
1057,1255,1255,wdad9375,4,Object_Yellow,4,True,Before,3
1058,1256,1256,wdad9375,4,Animal_Blue,5,False,Before,3
1059,1257,1257,wdad9375,4,Object_Red,6,True,Before,3
1060,1258,1258,wdad9375,5,Animal_Green,1,True,After,3
1061,1259,1259,wdad9375,5,Scene_Green,2,True,After,3
1062,1260,1260,wdad9375,5,Scene_Red,3,True,After,3
1063,1261,1261,wdad9375,5,Object_Green,4,True,After,3
1064,1262,1262,wdad9375,5,Animal_Blue,5,True,After,3
1065,1263,1263,wdad9375,5,Animal_Red,6,True,After,3
1066,1264,1264,wdad9375,6,Animal_Green,1,True,Before,3
1067,1265,1265,wdad9375,6,Scene_Red,2,True,Before,3
1068,1266,1266,wdad9375,6,Food_Red,3,True,Before,3
1069,1267,1267,wdad9375,6,Food_Green,4,True,Before,3
1070,1268,1268,wdad9375,6,Food_Yellow,5,True,Before,3
1071,1269,1269,wdad9375,6,Scene_Green,6,True,Before,3
1072,1270,1270,wdad9375,7,Object_Blue,1,True,After,3
1073,1271,1271,wdad9375,7,Food_Blue,2,True,After,3
1074,1272,1272,wdad9375,7,Object_Green,3,True,After,3
1075,1273,1273,wdad9375,7,Scene_Blue,4,True,After,3
1076,1274,1274,wdad9375,7,Scene_Yellow,5,True,After,3
1077,1275,1275,wdad9375,7,Food_Red,6,False,After,3
1078,1276,1276,wdad9375,8,Object_Blue,1,True,Before,3
1079,1277,1277,wdad9375,8,Animal_Yellow,2,True,Before,3
1080,1278,1278,wdad9375,8,Object_Green,3,False,Before,3
1081,1279,1279,wdad9375,8,Scene_Red,4,False,Before,3
1082,1280,1280,wdad9375,8,Food_Yellow,5,False,Before,3
1083,1281,1281,wdad9375,8,Animal_Blue,6,True,Before,3
1084,1282,1282,we55dec7,1,Animal_Green,1,True,After,3
1085,1283,1283,we55dec7,1,Object_Red,2,False,After,3
1086,1284,1284,we55dec7,1,Animal_Blue,3,True,After,3
1087,1285,1285,we55dec7,1,Food_Yellow,4,True,After,3
1088,1286,1286,we55dec7,2,Food_Green,1,True,Before,3
1089,1287,1287,we55dec7,2,Object_Blue,2,True,Before,3
1090,1288,1288,we55dec7,2,Scene_Green,3,True,Before,3
1091,1289,1289,we55dec7,3,Scene_Yellow,1,True,After,3
1092,1290,1290,we55dec7,3,Scene_Red,2,True,After,3
1093,1291,1291,we55dec7,3,Animal_Red,3,True,After,3
1094,1292,1292,we55dec7,3,Scene_Blue,4,True,After,3
1095,1293,1293,we55dec7,3,Scene_Green,5,False,After,3
1096,1294,1294,we55dec7,4,Food_Green,1,True,Before,3
1097,1295,1295,we55dec7,4,Object_Red,2,True,Before,3
1098,1296,1296,we55dec7,4,Food_Red,3,True,Before,3
1099,1297,1297,we55dec7,4,Food_Yellow,4,True,Before,3
1100,1298,1298,we55dec7,5,Scene_Red,1,True,After,3
1101,1299,1299,we55dec7,5,Animal_Red,2,True,After,3
1102,1300,1300,we55dec7,5,Object_Yellow,3,False,After,3
1103,1301,1301,we55dec7,5,Food_Red,4,False,After,3
1104,1302,1302,we55dec7,5,Scene_Yellow,5,False,After,3
1105,1303,1303,we55dec7,6,Scene_Red,1,True,Before,3
1106,1304,1304,we55dec7,6,Scene_Green,2,True,Before,3
1107,1305,1305,we55dec7,6,Animal_Green,3,True,Before,3
1108,1306,1306,we55dec7,6,Animal_Red,4,False,Before,3
1109,1307,1307,we55dec7,6,Object_Yellow,5,False,Before,3
1110,1308,1308,we55dec7,7,Object_Green,1,True,After,3
1111,1309,1309,we55dec7,7,Food_Red,2,False,After,3
1112,1310,1310,we55dec7,7,Scene_Red,3,False,After,3
1113,1311,1311,we55dec7,7,Animal_Green,4,False,After,3
1114,1312,1312,we55dec7,7,Animal_Red,5,False,After,3
1115,1313,1313,we55dec7,7,Food_Yellow,6,False,After,3
1116,1314,1314,we55dec7,8,Food_Blue,1,True,Before,3
1117,1315,1315,we55dec7,8,Scene_Yellow,2,False,Before,3
1118,1316,1316,we55dec7,8,Object_Blue,3,True,Before,3
1119,1317,1317,we55dec7,8,Scene_Red,4,False,Before,3
1120,1318,1318,w0198d08,1,Food_Red,1,False,Before,3
1121,1319,1319,w0198d08,1,Object_Red,2,True,Before,3
1122,1320,1320,w0198d08,1,Animal_Red,3,True,Before,3
1123,1321,1321,w0198d08,1,Animal_Yellow,4,True,Before,3
1124,1322,1322,w0198d08,1,Object_Yellow,5,True,Before,3
1125,1323,1323,w0198d08,1,Object_Green,6,True,Before,3
1126,1324,1324,w0198d08,2,Scene_Blue,1,True,After,3
1127,1325,1325,w0198d08,2,Scene_Yellow,2,True,After,3
1128,1326,1326,w0198d08,2,Scene_Green,3,True,After,3
1129,1327,1327,w0198d08,2,Food_Yellow,4,True,After,3
1130,1328,1328,w0198d08,2,Object_Blue,5,True,After,3
1131,1329,1329,w0198d08,2,Food_Blue,6,True,After,3
1132,1330,1330,w0198d08,3,Animal_Green,1,True,Before,3
1133,1331,1331,w0198d08,3,Food_Red,2,True,Before,3
1134,1332,1332,w0198d08,3,Scene_Red,3,True,Before,3
1135,1333,1333,w0198d08,3,Scene_Green,4,True,Before,3
1136,1334,1334,w0198d08,3,Food_Blue,5,True,Before,3
1137,1335,1335,w0198d08,3,Food_Yellow,6,False,Before,3
1138,1336,1336,w0198d08,4,Object_Yellow,1,True,After,3
1139,1337,1337,w0198d08,4,Scene_Yellow,2,True,After,3
1140,1338,1338,w0198d08,4,Scene_Red,3,False,After,3
1141,1339,1339,w0198d08,4,Animal_Red,4,True,After,3
1142,1340,1340,w0198d08,4,Scene_Blue,5,True,After,3
1143,1341,1341,w0198d08,4,Animal_Yellow,6,True,After,3
1144,1342,1342,w0198d08,5,Animal_Green,1,True,Before,3
1145,1343,1343,w0198d08,5,Object_Green,2,True,Before,3
1146,1344,1344,w0198d08,5,Object_Yellow,3,True,Before,3
1147,1345,1345,w0198d08,5,Food_Green,4,True,Before,3
1148,1346,1346,w0198d08,5,Object_Blue,5,True,Before,3
1149,1347,1347,w0198d08,5,Food_Blue,6,False,Before,3
1150,1348,1348,w0198d08,6,Scene_Yellow,1,True,After,3
1151,1349,1349,w0198d08,6,Scene_Red,2,True,After,3
1152,1350,1350,w0198d08,6,Animal_Yellow,3,False,After,3
1153,1351,1351,w0198d08,6,Scene_Blue,4,True,After,3
1154,1352,1352,w0198d08,6,Food_Blue,5,True,After,3
1155,1353,1353,w0198d08,6,Food_Red,6,True,After,3
1156,1354,1354,w0198d08,7,Animal_Green,1,True,Before,3
1157,1355,1355,w0198d08,7,Scene_Red,2,False,Before,3
1158,1356,1356,w0198d08,7,Scene_Yellow,3,False,Before,3
1159,1357,1357,w0198d08,7,Object_Red,4,True,Before,3
1160,1358,1358,w0198d08,7,Scene_Blue,5,False,Before,3
1161,1359,1359,w0198d08,7,Food_Red,6,False,Before,3
1162,1360,1360,w0198d08,8,Animal_Red,1,True,After,3
1163,1361,1361,w0198d08,8,Scene_Red,2,True,After,3
1164,1362,1362,w0198d08,8,Food_Yellow,3,True,After,3
1165,1363,1363,w0198d08,8,Animal_Yellow,4,True,After,3
1166,1364,1364,w0198d08,8,Food_Red,5,True,After,3
1167,1365,1365,w0198d08,8,Food_Green,6,True,After,3
1168,1481,1481,wf63b737,1,Animal_Blue,1,True,After,3
1169,1482,1482,wf63b737,1,Food_Green,2,False,After,3
1170,1483,1483,wf63b737,1,Scene_Blue,3,True,After,3
1171,1484,1484,wf63b737,1,Object_Green,4,False,After,3
1172,1485,1485,wf63b737,1,Object_Yellow,5,False,After,3
1173,1486,1486,wf63b737,1,Food_Red,6,False,After,3
1174,1487,1487,wf63b737,2,Food_Green,1,True,Before,3
1175,1488,1488,wf63b737,2,Animal_Yellow,2,False,Before,3
1176,1489,1489,wf63b737,2,Food_Blue,3,False,Before,3
1177,1490,1490,wf63b737,2,Scene_Red,4,False,Before,3
1178,1491,1491,wf63b737,2,Scene_Blue,5,False,Before,3
1179,1492,1492,wf63b737,2,Food_Red,6,True,Before,3
1180,1493,1493,wf63b737,3,Object_Green,1,False,After,3
1181,1494,1494,wf63b737,3,Animal_Yellow,2,True,After,3
1182,1495,1495,wf63b737,3,Scene_Red,3,False,After,3
1183,1496,1496,wf63b737,3,Scene_Blue,4,False,After,3
1184,1497,1497,wf63b737,3,Object_Yellow,5,True,After,3
1185,1498,1498,wf63b737,3,Animal_Blue,6,True,After,3
1186,1499,1499,wf63b737,4,Object_Green,1,True,Before,3
1187,1500,1500,wf63b737,4,Scene_Red,2,True,Before,3
1188,1501,1501,wf63b737,4,Animal_Green,3,True,Before,3
1189,1502,1502,wf63b737,4,Animal_Red,4,True,Before,3
1190,1503,1503,wf63b737,4,Object_Blue,5,True,Before,3
1191,1504,1504,wf63b737,4,Object_Yellow,6,False,Before,3
1192,1505,1505,wf63b737,5,Animal_Green,1,True,After,3
1193,1506,1506,wf63b737,5,Object_Red,2,True,After,3
1194,1507,1507,wf63b737,5,Scene_Red,3,True,After,3
1195,1508,1508,wf63b737,5,Object_Yellow,4,True,After,3
1196,1509,1509,wf63b737,5,Food_Red,5,False,After,3
1197,1510,1510,wf63b737,5,Object_Green,6,True,After,3
1198,1511,1511,wf63b737,6,Scene_Blue,1,True,Before,3
1199,1512,1512,wf63b737,6,Food_Green,2,True,Before,3
1200,1513,1513,wf63b737,6,Food_Blue,3,True,Before,3
1201,1514,1514,wf63b737,6,Animal_Red,4,True,Before,3
1202,1515,1515,wf63b737,6,Food_Red,5,True,Before,3
1203,1516,1516,wf63b737,6,Animal_Blue,6,True,Before,3
1204,1517,1517,wf63b737,7,Scene_Yellow,1,True,After,3
1205,1518,1518,wf63b737,7,Scene_Blue,2,True,After,3
1206,1519,1519,wf63b737,7,Object_Green,3,True,After,3
1207,1520,1520,wf63b737,7,Scene_Green,4,True,After,3
1208,1521,1521,wf63b737,7,Food_Green,5,True,After,3
1209,1522,1522,wf63b737,7,Object_Blue,6,True,After,3
1210,1523,1523,wf63b737,8,Animal_Yellow,1,True,Before,3
1211,1524,1524,wf63b737,8,Animal_Red,2,True,Before,3
1212,1525,1525,wf63b737,8,Food_Green,3,False,Before,3
1213,1526,1526,wf63b737,8,Food_Blue,4,True,Before,3
1214,1527,1527,wf63b737,8,Object_Red,5,True,Before,3
1215,1528,1528,wf63b737,8,Food_Yellow,6,True,Before,3
1216,1529,1529,wf60f9d4,1,Animal_Green,1,True,Before,3
1217,1530,1530,wf60f9d4,1,Animal_Red,2,False,Before,3
1218,1531,1531,wf60f9d4,1,Scene_Yellow,3,True,Before,3
1219,1532,1532,wf60f9d4,1,Animal_Blue,4,True,Before,3
1220,1533,1533,wf60f9d4,1,Animal_Yellow,5,True,Before,3
1221,1534,1534,wf60f9d4,1,Food_Yellow,6,True,Before,3
1222,1535,1535,wf60f9d4,2,Food_Red,1,True,After,3
1223,1536,1536,wf60f9d4,2,Food_Green,2,True,After,3
1224,1537,1537,wf60f9d4,2,Object_Green,3,True,After,3
1225,1538,1538,wf60f9d4,2,Scene_Green,4,True,After,3
1226,1539,1539,wf60f9d4,2,Food_Blue,5,True,After,3
1227,1540,1540,wf60f9d4,2,Scene_Blue,6,False,After,3
1228,1541,1541,wf60f9d4,3,Food_Red,1,False,Before,3
1229,1542,1542,wf60f9d4,3,Animal_Red,3,True,Before,3
1230,1543,1543,wf60f9d4,3,Scene_Blue,4,True,Before,3
1231,1544,1544,wf60f9d4,4,Food_Red,1,True,After,3
1232,1545,1545,wf60f9d4,4,Object_Yellow,2,True,After,3
1233,1546,1546,wf60f9d4,4,Object_Red,3,True,After,3
1234,1547,1547,wf60f9d4,4,Food_Green,4,True,After,3
1235,1548,1548,wf60f9d4,5,Object_Green,2,True,Before,3
1236,1549,1549,wf60f9d4,5,Scene_Red,3,True,Before,3
1237,1550,1550,wf60f9d4,5,Scene_Green,4,True,Before,3
1238,1551,1551,wf60f9d4,6,Food_Yellow,2,True,After,3
1239,1552,1552,wf60f9d4,6,Scene_Red,3,True,After,3
1240,1553,1553,wf60f9d4,6,Food_Red,4,True,After,3
1241,1554,1554,wf60f9d4,7,Food_Yellow,2,False,Before,3
1242,1555,1555,wf60f9d4,7,Animal_Blue,3,False,Before,3
1243,1556,1556,wf60f9d4,7,Food_Blue,6,True,Before,3
1244,1557,1557,wf60f9d4,8,Animal_Green,1,False,After,3
1245,1558,1558,wf60f9d4,8,Scene_Yellow,2,False,After,3
1246,1559,1559,wf60f9d4,8,Scene_Blue,3,False,After,3
1247,1560,1560,wf60f9d4,8,Scene_Green,4,False,After,3
1248,1561,1561,wf60f9d4,8,Food_Blue,5,True,After,3
1249,1562,1562,w27e1de9,1,Object_Red,1,False,Before,3
1250,1563,1563,w27e1de9,1,Scene_Red,2,True,Before,3
1251,1564,1564,w27e1de9,1,Food_Blue,3,True,Before,3
1252,1565,1565,w27e1de9,1,Scene_Yellow,4,True,Before,3
1253,1566,1566,w27e1de9,1,Animal_Yellow,5,True,Before,3
1254,1567,1567,w27e1de9,1,Food_Yellow,6,False,Before,3
1255,1568,1568,w27e1de9,2,Scene_Green,1,True,After,3
1256,1569,1569,w27e1de9,2,Scene_Yellow,2,True,After,3
1257,1570,1570,w27e1de9,2,Object_Blue,3,False,After,3
1258,1571,1571,w27e1de9,2,Food_Yellow,4,True,After,3
1259,1572,1572,w27e1de9,2,Food_Red,5,True,After,3
1260,1573,1573,w27e1de9,3,Animal_Green,1,True,Before,3
1261,1574,1574,w27e1de9,3,Object_Red,2,False,Before,3
1262,1575,1575,w27e1de9,3,Object_Yellow,3,True,Before,3
1263,1576,1576,w27e1de9,3,Object_Blue,4,True,Before,3
1264,1577,1577,w27e1de9,3,Food_Yellow,5,True,Before,3
1265,1578,1578,w27e1de9,3,Animal_Blue,6,True,Before,3
1266,1579,1579,w27e1de9,4,Animal_Green,1,True,After,3
1267,1580,1580,w27e1de9,4,Object_Green,2,True,After,3
1268,1581,1581,w27e1de9,4,Scene_Red,3,True,After,3
1269,1582,1582,w27e1de9,4,Scene_Green,4,False,After,3
1270,1583,1583,w27e1de9,4,Animal_Red,5,True,After,3
1271,1584,1584,w27e1de9,5,Object_Green,1,True,Before,3
1272,1585,1585,w27e1de9,5,Animal_Green,2,True,Before,3
1273,1586,1586,w27e1de9,5,Scene_Green,3,True,Before,3
1274,1587,1587,w27e1de9,5,Object_Red,4,True,Before,3
1275,1588,1588,w27e1de9,5,Scene_Red,5,True,Before,3
1276,1589,1589,w27e1de9,5,Object_Yellow,6,True,Before,3
1277,1590,1590,w27e1de9,6,Animal_Green,1,False,After,3
1278,1591,1591,w27e1de9,6,Object_Red,2,False,After,3
1279,1592,1592,w27e1de9,7,Animal_Blue,1,False,Before,3
1280,1593,1593,w27e1de9,7,Food_Blue,2,False,Before,3
1281,1594,1594,w27e1de9,7,Animal_Green,3,False,Before,3
1282,1595,1595,w27e1de9,8,Animal_Yellow,1,True,After,3
1283,1596,1596,w27e1de9,8,Scene_Yellow,2,False,After,3
1284,1597,1597,w27e1de9,8,Scene_Blue,3,False,After,3
1285,1598,1598,w313d7aa,1,Animal_Red,1,True,After,3
1286,1599,1599,w313d7aa,1,Object_Red,2,True,After,3
1287,1600,1600,w313d7aa,1,Food_Yellow,3,True,After,3
1288,1601,1601,w313d7aa,1,Scene_Blue,4,False,After,3
1289,1602,1602,w313d7aa,2,Scene_Blue,1,True,Before,3
1290,1603,1603,w313d7aa,2,Object_Red,2,False,Before,3
1291,1604,1604,w313d7aa,2,Animal_Green,3,False,Before,3
1292,1605,1605,w313d7aa,2,Food_Yellow,4,True,Before,3
1293,1606,1606,w313d7aa,3,Irrelevant,1,False,After,3
1294,1607,1607,w313d7aa,3,Scene_Green,2,True,After,3
1295,1608,1608,w313d7aa,3,Animal_Green,3,True,After,3
1296,1609,1609,w313d7aa,3,Food_Green,4,True,After,3
1297,1610,1610,w313d7aa,3,Food_Red,5,True,After,3
1298,1611,1611,w313d7aa,3,Food_Blue,6,True,After,3
1299,1612,1612,w313d7aa,4,Irrelevant,1,False,Before,3
1300,1613,1613,w313d7aa,4,Irrelevant,2,False,Before,3
1301,1614,1614,w313d7aa,4,Food_Red,3,False,Before,3
1302,1615,1615,w313d7aa,4,Animal_Green,4,False,Before,3
1303,1616,1616,w313d7aa,4,Food_Blue,5,False,Before,3
1304,1617,1617,w313d7aa,4,Scene_Green,6,False,Before,3
1305,1618,1618,w313d7aa,5,Food_Blue,1,False,After,3
1306,1619,1619,w313d7aa,5,Food_Yellow,2,False,After,3
1307,1620,1620,w313d7aa,5,Animal_Red,3,False,After,3
1308,1621,1621,wc55b6c8,1,Animal_Yellow,1,True,After,3
1309,1622,1622,wc55b6c8,1,Scene_Yellow,2,True,After,3
1310,1623,1623,wc55b6c8,1,Scene_Red,3,True,After,3
1311,1624,1624,wc55b6c8,1,Food_Blue,4,True,After,3
1312,1625,1625,wc55b6c8,2,Scene_Red,1,False,Before,3
1313,1626,1626,wc55b6c8,2,Scene_Yellow,2,True,Before,3
1314,1627,1627,wc55b6c8,2,Object_Yellow,3,True,Before,3
1315,1628,1628,wc55b6c8,2,Animal_Yellow,4,False,Before,3
1316,1629,1629,wc55b6c8,2,Food_Red,5,True,Before,3
1317,1630,1630,wc55b6c8,3,Object_Yellow,1,True,After,3
1318,1631,1631,wc55b6c8,3,Scene_Yellow,2,False,After,3
1319,1632,1632,wc55b6c8,3,Scene_Green,3,False,After,3
1320,1633,1633,wc55b6c8,3,Animal_Blue,4,True,After,3
1321,1634,1634,wc55b6c8,3,Food_Yellow,5,True,After,3
1322,1635,1635,wc55b6c8,3,Animal_Green,6,True,After,3
1323,1636,1636,wc55b6c8,4,Scene_Red,1,True,Before,3
1324,1637,1637,wc55b6c8,4,Food_Red,2,False,Before,3
1325,1638,1638,wc55b6c8,4,Object_Blue,3,True,Before,3
1326,1639,1639,wc55b6c8,4,Animal_Green,4,True,Before,3
1327,1640,1640,wc55b6c8,4,Animal_Yellow,5,False,Before,3
1328,1641,1641,wc55b6c8,5,Object_Green,1,True,After,3
1329,1642,1642,wc55b6c8,5,Scene_Red,2,True,After,3
1330,1643,1643,wc55b6c8,5,Scene_Green,3,True,After,3
1331,1644,1644,wc55b6c8,5,Object_Red,4,True,After,3
1332,1645,1645,wc55b6c8,6,Scene_Blue,1,True,Before,3
1333,1646,1646,wc55b6c8,6,Object_Green,2,False,Before,3
1334,1647,1647,wc55b6c8,6,Animal_Red,3,True,Before,3
1335,1648,1648,wc55b6c8,6,Scene_Red,4,False,Before,3
1336,1649,1649,wc55b6c8,6,Object_Yellow,5,False,Before,3
1337,1650,1650,wc55b6c8,6,Food_Blue,6,True,Before,3
1338,1651,1651,wc55b6c8,7,Object_Blue,1,True,After,3
1339,1652,1652,wc55b6c8,7,Scene_Yellow,2,True,After,3
1340,1653,1653,wc55b6c8,7,Object_Green,3,True,After,3
1341,1654,1654,wc55b6c8,8,Scene_Blue,1,False,Before,3
1342,1655,1655,wc55b6c8,8,Animal_Red,2,True,Before,3
1343,1656,1656,wc55b6c8,8,Food_Blue,3,True,Before,3
1344,1657,1657,w9173175,1,Animal_Blue,1,False,Before,3
1345,1658,1658,w9173175,1,Scene_Red,2,False,Before,3
1346,1659,1659,w9173175,1,Object_Yellow,3,True,Before,3
1347,1660,1660,w9173175,2,Food_Blue,1,True,After,3
1348,1661,1661,w9173175,2,Food_Yellow,2,True,After,3
1349,1662,1662,w9173175,2,Scene_Red,3,False,After,3
1350,1663,1663,w9173175,2,Scene_Green,4,True,After,3
1351,1664,1664,w9173175,3,Scene_Green,1,True,Before,3
1352,1665,1665,w9173175,3,Food_Blue,2,True,Before,3
1353,1666,1666,w9173175,3,Scene_Yellow,3,False,Before,3
1354,1667,1667,w9173175,3,Animal_Green,4,True,Before,3
1355,1668,1668,w9173175,4,Scene_Green,1,False,After,3
1356,1669,1669,w9173175,4,Animal_Yellow,2,True,After,3
1357,1670,1670,w9173175,4,Irrelevant,3,False,After,3
1358,1671,1671,w9173175,4,Irrelevant,4,False,After,3
1359,1672,1672,w9173175,4,Object_Yellow,5,True,After,3
1360,1673,1673,w9173175,5,Animal_Green,1,True,Before,3
1361,1674,1674,w9173175,5,Food_Green,2,True,Before,3
1362,1675,1675,w9173175,5,Irrelevant,3,False,Before,3
1363,1676,1676,w9173175,5,Animal_Blue,4,True,Before,3
1364,1677,1677,w9173175,6,Object_Red,1,True,After,3
1365,1678,1678,w9173175,6,Scene_Blue,2,True,After,3
1366,1679,1679,w9173175,6,Food_Blue,3,True,After,3
1367,1680,1680,w9173175,7,Scene_Green,1,True,Before,3
1368,1681,1681,w9173175,7,Object_Red,2,True,Before,3
1369,1682,1682,w9173175,8,Scene_Red,1,True,After,3
1370,1683,1683,w9173175,8,Food_Yellow,2,True,After,3
1371,1684,1684,w9173175,8,Food_Red,3,True,After,3
1372,1685,1685,w9173175,8,Animal_Green,4,False,After,3
1373,1686,1686,w397496b,1,Irrelevant,1,False,After,3
1374,1687,1687,w397496b,1,Irrelevant,2,False,After,3
1375,1688,1688,w397496b,1,Object_Yellow,3,True,After,3
1376,1689,1689,w397496b,1,Animal_Green,4,False,After,3
1377,1690,1690,w397496b,1,Food_Blue,5,False,After,3
1378,1691,1691,w397496b,1,Scene_Yellow,6,False,After,3
1379,1692,1692,w397496b,2,Scene_Yellow,1,True,Before,3
1380,1693,1693,w397496b,2,Scene_Blue,2,True,Before,3
1381,1694,1694,w397496b,2,Food_Blue,3,True,Before,3
1382,1695,1695,w397496b,2,Food_Yellow,4,True,Before,3
1383,1696,1696,w397496b,2,Animal_Green,5,False,Before,3
1384,1697,1697,w397496b,2,Object_Blue,6,True,Before,3
1385,1698,1698,w397496b,3,Food_Blue,1,True,After,3
1386,1699,1699,w397496b,3,Scene_Green,2,True,After,3
1387,1700,1700,w397496b,3,Animal_Green,3,True,After,3
1388,1701,1701,w397496b,3,Food_Green,4,True,After,3
1389,1702,1702,w397496b,3,Scene_Red,5,True,After,3
1390,1703,1703,w397496b,3,Irrelevant,6,False,After,3
1391,1704,1704,w397496b,4,Scene_Yellow,1,True,Before,3
1392,1705,1705,w397496b,4,Food_Blue,2,False,Before,3
1393,1706,1706,w397496b,4,Animal_Red,3,True,Before,3
1394,1707,1707,w397496b,4,Animal_Yellow,4,True,Before,3
1395,1708,1708,w397496b,4,Scene_Blue,5,True,Before,3
1396,1709,1709,w397496b,4,Food_Yellow,6,False,Before,3
1397,1710,1710,w397496b,5,Animal_Blue,1,True,After,3
1398,1711,1711,w397496b,5,Object_Yellow,2,True,After,3
1399,1712,1712,w397496b,5,Object_Blue,3,True,After,3
1400,1713,1713,w397496b,5,Food_Green,4,True,After,3
1401,1714,1714,w397496b,5,Object_Green,5,True,After,3
1402,1715,1715,w397496b,5,Animal_Green,6,True,After,3
1403,1716,1716,w397496b,6,Food_Blue,1,True,Before,3
1404,1717,1717,w397496b,6,Food_Red,2,True,Before,3
1405,1718,1718,w397496b,6,Scene_Yellow,3,True,Before,3
1406,1719,1719,w397496b,6,Irrelevant,4,False,Before,3
1407,1720,1720,w397496b,6,Scene_Blue,5,True,Before,3
1408,1721,1721,w397496b,6,Irrelevant,6,False,Before,3
1409,1722,1722,w397496b,7,Scene_Green,1,True,After,3
1410,1723,1723,w397496b,7,Object_Red,2,True,After,3
1411,1724,1724,w397496b,7,Object_Blue,3,True,After,3
1412,1725,1725,w397496b,7,Animal_Green,4,True,After,3
1413,1726,1726,w397496b,7,Irrelevant,5,False,After,3
1414,1727,1727,w397496b,7,Irrelevant,6,False,After,3
1415,1728,1728,w397496b,8,Food_Green,1,True,Before,3
1416,1729,1729,w397496b,8,Animal_Yellow,2,True,Before,3
1417,1730,1730,w397496b,8,Food_Red,3,True,Before,3
1418,1731,1731,w397496b,8,Scene_Red,4,True,Before,3
1419,1732,1732,w397496b,8,Animal_Red,5,True,Before,3
1420,1733,1733,w397496b,8,Food_Yellow,6,True,Before,3
1421,1787,1787,w7dbf1a9,1,Animal_Green,1,False,Before,3
1422,1788,1788,w7dbf1a9,1,Object_Red,2,False,Before,3
1423,1789,1789,w7dbf1a9,1,Food_Blue,3,True,Before,3
1424,1790,1790,w7dbf1a9,1,Scene_Blue,4,True,Before,3
1425,1791,1791,w7dbf1a9,2,Scene_Yellow,1,True,After,3
1426,1792,1792,w7dbf1a9,2,Scene_Blue,2,True,After,3
1427,1793,1793,w7dbf1a9,2,Food_Green,3,True,After,3
1428,1794,1794,w7dbf1a9,3,Object_Red,1,True,Before,3
1429,1795,1795,w7dbf1a9,3,Food_Yellow,2,False,Before,3
1430,1796,1796,w7dbf1a9,3,Food_Green,3,False,Before,3
1431,1797,1797,w7dbf1a9,3,Scene_Blue,4,False,Before,3
1432,1798,1798,w7dbf1a9,4,Object_Red,1,True,After,3
1433,1799,1799,w7dbf1a9,4,Object_Yellow,2,True,After,3
1434,1800,1800,w7dbf1a9,4,Animal_Green,3,False,After,3
1435,1801,1801,w7dbf1a9,4,Food_Green,4,False,After,3
1436,1802,1802,w7dbf1a9,4,Food_Yellow,5,False,After,3
1437,1803,1803,w7dbf1a9,5,Object_Red,1,False,Before,3
1438,1804,1804,w7dbf1a9,5,Object_Yellow,2,False,Before,3
1439,1805,1805,w7dbf1a9,5,Food_Green,3,False,Before,3
1440,1806,1806,w7dbf1a9,5,Animal_Green,4,True,Before,3
1441,1807,1807,w7dbf1a9,5,Food_Yellow,5,False,Before,3
1442,1808,1808,w7dbf1a9,6,Animal_Red,1,True,After,3
1443,1809,1809,w7dbf1a9,6,Object_Green,2,False,After,3
1444,1810,1810,w7dbf1a9,6,Scene_Green,3,False,After,3
1445,1811,1811,w7dbf1a9,6,Food_Yellow,4,True,After,3
1446,1812,1812,w7dbf1a9,7,Object_Yellow,1,True,Before,3
1447,1813,1813,w7dbf1a9,7,Food_Blue,2,False,Before,3
1448,1814,1814,w7dbf1a9,7,Animal_Red,3,False,Before,3
1449,1815,1815,w7dbf1a9,7,Scene_Green,4,True,Before,3
1450,1816,1816,w7dbf1a9,8,Object_Red,1,True,After,3
1451,1817,1817,w7dbf1a9,8,Object_Blue,2,True,After,3
1452,1818,1818,w7dbf1a9,8,Animal_Red,3,True,After,3
1453,1819,1819,w7dbf1a9,8,Scene_Red,4,False,After,3
1454,1820,1820,w227f955,1,Animal_Red,1,False,After,3
1455,1821,1821,w227f955,1,Animal_Blue,2,True,After,3
1456,1822,1822,w227f955,1,Animal_Green,3,True,After,3
1457,1823,1823,w227f955,1,Food_Blue,4,True,After,3
1458,1824,1824,w227f955,1,Scene_Green,5,False,After,3
1459,1825,1825,w227f955,1,Scene_Yellow,6,False,After,3
1460,1826,1826,w227f955,2,Irrelevant,1,False,Before,3
1461,1827,1827,w227f955,2,Irrelevant,2,False,Before,3
1462,1828,1828,w227f955,2,Irrelevant,3,False,Before,3
1463,1829,1829,w227f955,2,Scene_Red,4,True,Before,3
1464,1830,1830,w227f955,2,Scene_Green,5,True,Before,3
1465,1831,1831,w227f955,2,Irrelevant,6,False,Before,3
1466,1832,1832,w227f955,3,Scene_Yellow,1,True,After,3
1467,1833,1833,w227f955,3,Food_Yellow,2,True,After,3
1468,1834,1834,w227f955,3,Irrelevant,3,False,After,3
1469,1835,1835,w227f955,3,Irrelevant,4,False,After,3
1470,1836,1836,w227f955,3,Food_Green,5,True,After,3
1471,1837,1837,w227f955,3,Animal_Red,6,True,After,3
1472,1838,1838,w227f955,4,Scene_Yellow,1,True,Before,3
1473,1839,1839,w227f955,4,Irrelevant,2,False,Before,3
1474,1840,1840,w227f955,4,Food_Red,3,False,Before,3
1475,1841,1841,w227f955,4,Irrelevant,4,False,Before,3
1476,1842,1842,w227f955,4,Irrelevant,5,False,Before,3
1477,1843,1843,w227f955,4,Irrelevant,6,False,Before,3
1478,1844,1844,w227f955,5,Irrelevant,1,False,After,3
1479,1845,1845,w227f955,5,Irrelevant,2,False,After,3
1480,1846,1846,w227f955,5,Irrelevant,3,False,After,3
1481,1847,1847,w227f955,5,Irrelevant,4,False,After,3
1482,1848,1848,w227f955,5,Irrelevant,5,False,After,3
1483,1849,1849,w227f955,5,Irrelevant,6,False,After,3
1484,1850,1850,w227f955,6,Irrelevant,1,False,Before,3
1485,1851,1851,w227f955,6,Irrelevant,2,False,Before,3
1486,1852,1852,w227f955,6,Irrelevant,3,False,Before,3
1487,1853,1853,w227f955,6,Irrelevant,4,False,Before,3
1488,1854,1854,w227f955,6,Irrelevant,5,False,Before,3
1489,1855,1855,w227f955,6,Irrelevant,6,False,Before,3
1490,1856,1856,w227f955,7,Irrelevant,1,False,After,3
1491,1857,1857,w227f955,7,Irrelevant,2,False,After,3
1492,1858,1858,w227f955,7,Irrelevant,3,False,After,3
1493,1859,1859,w227f955,7,Irrelevant,4,False,After,3
1494,1860,1860,w227f955,7,Irrelevant,5,False,After,3
1495,1861,1861,w227f955,7,Irrelevant,6,False,After,3
1496,1862,1862,w227f955,8,Object_Blue,1,True,Before,3
1497,1863,1863,w227f955,8,Food_Yellow,2,False,Before,3
1498,1864,1864,w227f955,8,Food_Blue,3,True,Before,3
1499,1865,1865,w227f955,8,Animal_Green,4,True,Before,3
1500,1866,1866,w227f955,8,Object_Green,5,True,Before,3
1501,1867,1867,w227f955,8,Animal_Red,6,False,Before,3
1502,1868,1868,w6eb92cc,1,Animal_Red,1,False,Before,3
1503,1869,1869,w6eb92cc,1,Object_Red,2,False,Before,3
1504,1870,1870,w6eb92cc,1,Irrelevant,3,False,Before,3
1505,1871,1871,w6eb92cc,1,Scene_Blue,5,False,Before,3
1506,1872,1872,w6eb92cc,2,Food_Red,1,True,After,3
1507,1873,1873,w6eb92cc,2,Object_Red,2,True,After,3
1508,1874,1874,w6eb92cc,2,Animal_Blue,4,False,After,3
1509,1875,1875,w6eb92cc,2,Animal_Green,6,False,After,3
1510,1876,1876,w6eb92cc,3,Irrelevant,1,False,Before,3
1511,1877,1877,w6eb92cc,3,Scene_Blue,2,False,Before,3
1512,1878,1878,w6eb92cc,3,Irrelevant,3,False,Before,3
1513,1879,1879,w6eb92cc,4,Scene_Red,1,False,After,3
1514,1880,1880,w6eb92cc,4,Scene_Blue,2,True,After,3
1515,1881,1881,w6eb92cc,4,Animal_Yellow,3,True,After,3
1516,1882,1882,w6eb92cc,4,Object_Yellow,4,True,After,3
1517,1883,1883,w6eb92cc,4,Animal_Blue,5,True,After,3
1518,1884,1884,w6eb92cc,5,Animal_Yellow,1,True,Before,3
1519,1885,1885,w6eb92cc,5,Scene_Blue,2,False,Before,3
1520,1886,1886,w6eb92cc,5,Food_Red,3,False,Before,3
1521,1887,1887,w6eb92cc,5,Object_Yellow,4,False,Before,3
1522,1888,1888,w6eb92cc,6,Scene_Green,1,True,After,3
1523,1889,1889,w6eb92cc,6,Scene_Red,2,True,After,3
1524,1890,1890,w6eb92cc,6,Food_Green,3,True,After,3
1525,1891,1891,w6eb92cc,6,Object_Green,4,True,After,3
1526,1892,1892,w6eb92cc,7,Object_Green,1,False,Before,3
1527,1893,1893,w6eb92cc,7,Scene_Yellow,2,True,Before,3
1528,1894,1894,w6eb92cc,7,Food_Red,3,False,Before,3
1529,1895,1895,w6eb92cc,7,Food_Green,4,False,Before,3
1530,1896,1896,w6eb92cc,8,Scene_Red,1,False,After,3
1531,1897,1897,w6eb92cc,8,Object_Yellow,2,False,After,3
1532,1898,1898,w6eb92cc,8,Food_Red,3,False,After,3
1533,1899,1899,w6eb92cc,8,Food_Yellow,4,False,After,3
1534,1900,1900,w6eb92cc,8,Animal_Red,5,False,After,3
1535,1901,1901,wc512962,1,Animal_Blue,1,False,Before,3
1536,1902,1902,wc512962,1,Object_Red,2,True,Before,3
1537,1903,1903,wc512962,1,Food_Yellow,3,True,Before,3
1538,1904,1904,wc512962,1,Animal_Yellow,4,True,Before,3
1539,1905,1905,wc512962,1,Object_Yellow,5,True,Before,3
1540,1906,1906,wc512962,1,Object_Green,6,True,Before,3
1541,1907,1907,wc512962,2,Food_Blue,1,True,After,3
1542,1908,1908,wc512962,2,Scene_Blue,2,True,After,3
1543,1909,1909,wc512962,2,Scene_Yellow,3,True,After,3
1544,1910,1910,wc512962,2,Food_Yellow,4,True,After,3
1545,1911,1911,wc512962,2,Object_Blue,5,True,After,3
1546,1912,1912,wc512962,3,Animal_Green,1,True,Before,3
1547,1913,1913,wc512962,3,Scene_Green,2,True,Before,3
1548,1914,1914,wc512962,3,Food_Green,3,True,Before,3
1549,1915,1915,wc512962,3,Food_Blue,4,True,Before,3
1550,1916,1916,wc512962,3,Scene_Red,5,True,Before,3
1551,1917,1917,wc512962,3,Food_Red,6,True,Before,3
1552,1918,1918,wc512962,4,Scene_Blue,1,True,After,3
1553,1919,1919,wc512962,4,Object_Yellow,2,True,After,3
1554,1920,1920,wc512962,4,Animal_Yellow,3,True,After,3
1555,1921,1921,wc512962,4,Scene_Yellow,4,True,After,3
1556,1922,1922,wc512962,4,Animal_Red,5,True,After,3
1557,1923,1923,wc512962,4,Food_Blue,6,False,After,3
1558,1924,1924,wc512962,5,Food_Green,1,True,Before,3
1559,1925,1925,wc512962,5,Animal_Green,2,True,Before,3
1560,1926,1926,wc512962,5,Object_Green,3,True,Before,3
1561,1927,1927,wc512962,5,Object_Yellow,4,True,Before,3
1562,1928,1928,wc512962,5,Animal_Blue,5,True,Before,3
1563,1929,1929,wc512962,5,Object_Blue,6,True,Before,3
1564,1930,1930,wc512962,6,Object_Red,1,True,After,3
1565,1931,1931,wc512962,6,Food_Red,2,True,After,3
1566,1932,1932,wc512962,6,Scene_Red,3,True,After,3
1567,1933,1933,wc512962,6,Scene_Yellow,4,True,After,3
1568,1934,1934,wc512962,6,Food_Blue,5,True,After,3
1569,1935,1935,wc512962,6,Scene_Blue,6,True,After,3
1570,1936,1936,wc512962,7,Animal_Green,1,True,Before,3
1571,1937,1937,wc512962,7,Animal_Blue,2,True,Before,3
1572,1938,1938,wc512962,7,Scene_Green,3,True,Before,3
1573,1939,1939,wc512962,7,Object_Red,4,True,Before,3
1574,1940,1940,wc512962,7,Object_Blue,5,True,Before,3
1575,1941,1941,wc512962,7,Object_Green,6,True,Before,3
1576,1942,1942,wc512962,8,Animal_Red,1,True,After,3
1577,1943,1943,wc512962,8,Animal_Yellow,2,True,After,3
1578,1944,1944,wc512962,8,Scene_Red,3,True,After,3
1579,1945,1945,wc512962,8,Food_Yellow,4,True,After,3
1580,1946,1946,wc512962,8,Food_Red,5,True,After,3
1581,1947,1947,wc512962,8,Food_Green,6,True,After,3
1582,1948,1948,we9754da,1,Animal_Green,1,True,Before,3
1583,1949,1949,we9754da,1,Scene_Blue,2,True,Before,3
1584,1950,1950,we9754da,1,Food_Yellow,3,True,Before,3
1585,1951,1951,we9754da,1,Animal_Blue,4,True,Before,3
1586,1952,1952,we9754da,2,Food_Blue,1,True,After,3
1587,1953,1953,we9754da,2,Food_Green,2,True,After,3
1588,1954,1954,we9754da,2,Food_Red,3,True,After,3
1589,1955,1955,we9754da,2,Object_Blue,4,True,After,3
1590,1956,1956,we9754da,2,Scene_Green,5,True,After,3
1591,1957,1957,we9754da,2,Object_Green,6,True,After,3
1592,1958,1958,we9754da,3,Object_Red,1,True,Before,3
1593,1959,1959,we9754da,3,Scene_Yellow,2,True,Before,3
1594,1960,1960,we9754da,3,Animal_Red,3,True,Before,3
1595,1961,1961,we9754da,3,Animal_Yellow,4,True,Before,3
1596,1962,1962,we9754da,3,Scene_Blue,5,True,Before,3
1597,1963,1963,we9754da,4,Animal_Red,1,True,After,3
1598,1964,1964,we9754da,4,Food_Red,2,True,After,3
1599,1965,1965,we9754da,5,Animal_Green,1,True,Before,3
1600,1966,1966,we9754da,5,Scene_Red,2,True,Before,3
1601,1967,1967,we9754da,5,Scene_Green,3,True,Before,3
1602,1968,1968,we9754da,5,Animal_Red,4,True,Before,3
1603,1969,1969,we9754da,5,Animal_Blue,5,True,Before,3
1604,1970,1970,we9754da,6,Food_Yellow,1,True,After,3
1605,1971,1971,we9754da,6,Animal_Red,2,False,After,3
1606,1972,1972,we9754da,6,Food_Green,3,True,After,3
1607,1973,1973,we9754da,6,Scene_Red,4,True,After,3
1608,1974,1974,we9754da,6,Scene_Green,5,True,After,3
1609,1975,1975,we9754da,7,Food_Blue,1,True,Before,3
1610,1976,1976,we9754da,7,Object_Yellow,2,True,Before,3
1611,1977,1977,we9754da,7,Scene_Blue,3,True,Before,3
1612,1978,1978,we9754da,7,Object_Blue,4,True,Before,3
1613,1979,1979,we9754da,7,Scene_Red,5,False,Before,3
1614,1980,1980,we9754da,8,Food_Blue,1,True,After,3
1615,1981,1981,we9754da,8,Object_Blue,2,True,After,3
1616,1982,1982,we9754da,8,Food_Red,3,False,After,3
1617,1983,1983,we9754da,8,Object_Yellow,4,True,After,3
1618,1984,1984,w601970c,1,,1,False,After,3
1619,1985,1985,w601970c,1,,2,False,After,3
1620,1986,1986,w601970c,1,,3,False,After,3
1621,1987,1987,w601970c,1,,4,False,After,3
1622,1988,1988,w601970c,1,,5,False,After,3
1623,1989,1989,w601970c,1,,6,False,After,3
1624,1990,1990,w601970c,2,Food_Blue,1,False,Before,3
1625,1991,1991,w601970c,2,Object_Green,3,False,Before,3
1626,1992,1992,w601970c,3,Scene_Red,1,False,After,3
1627,1993,1993,w601970c,3,Scene_Green,2,False,After,3
1628,1994,1994,w601970c,5,Animal_Green,1,True,After,3
1629,1995,1995,w601970c,7,Object_Green,3,False,After,3
1630,1996,1996,w601970c,7,Scene_Red,4,True,After,3
1631,1997,1997,w601970c,8,Scene_Red,1,False,Before,3
1632,1998,1998,w601970c,8,Scene_Yellow,2,False,Before,3
1633,1999,1999,w601970c,8,Scene_Blue,3,False,Before,3
1634,2000,2000,w601970c,8,Food_Red,4,False,Before,3
1635,2001,2001,w601970c,8,Object_Yellow,5,False,Before,3
1636,2002,2002,w3f5fa74,1,Animal_Red,1,False,Before,3
1637,2003,2003,w3f5fa74,1,Object_Yellow,2,True,Before,3
1638,2004,2004,w3f5fa74,1,Scene_Red,3,False,Before,3
1639,2005,2005,w3f5fa74,1,Food_Blue,4,True,Before,3
1640,2006,2006,w3f5fa74,1,Food_Green,5,False,Before,3
1641,2007,2007,w3f5fa74,2,Scene_Red,1,True,After,3
1642,2008,2008,w3f5fa74,2,Object_Yellow,2,False,After,3
1643,2009,2009,w3f5fa74,2,Animal_Red,3,False,After,3
1644,2010,2010,w3f5fa74,2,Food_Blue,4,False,After,3
1645,2011,2011,w3f5fa74,3,Food_Yellow,1,True,Before,3
1646,2012,2012,w3f5fa74,3,Animal_Green,2,False,Before,3
1647,2013,2013,w3f5fa74,3,Scene_Blue,3,False,Before,3
1648,2014,2014,w3f5fa74,4,Animal_Yellow,1,True,After,3
1649,2015,2015,w3f5fa74,4,Scene_Blue,2,True,After,3
1650,2016,2016,w3f5fa74,4,Animal_Blue,3,True,After,3
1651,2017,2017,w3f5fa74,5,Animal_Yellow,1,True,Before,3
1652,2018,2018,w3f5fa74,5,Animal_Blue,2,False,Before,3
1653,2019,2019,w3f5fa74,5,Food_Yellow,3,True,Before,3
1654,2020,2020,w3f5fa74,6,Animal_Green,1,False,After,3
1655,2021,2021,w3f5fa74,6,Scene_Red,2,True,After,3
1656,2022,2022,w3f5fa74,6,Irrelevant,3,False,After,3
1657,2023,2023,w3f5fa74,7,Scene_Yellow,1,True,Before,3
1658,2024,2024,w3f5fa74,7,Scene_Green,2,False,Before,3
1659,2025,2025,w3f5fa74,7,Object_Yellow,3,True,Before,3
1660,2026,2026,w3f5fa74,7,Animal_Yellow,4,False,Before,3
1661,2027,2027,w3f5fa74,8,Animal_Green,1,True,After,3
1662,2028,2028,w3f5fa74,8,Animal_Blue,2,True,After,3
1663,2029,2029,w3f5fa74,8,Animal_Red,3,False,After,3
1664,2030,2030,w19d0170,1,Object_Yellow,3,True,After,3
1665,2031,2031,w19d0170,1,Animal_Green,4,True,After,3
1666,2032,2032,w19d0170,6,Scene_Green,1,True,Before,3
1667,2033,2033,w19d0170,6,Food_Green,2,True,Before,3
1668,2034,2034,w19d0170,6,Food_Red,3,True,Before,3
1669,2035,2035,w19d0170,6,Food_Yellow,4,True,Before,3
1670,2036,2036,w19d0170,6,Scene_Red,5,True,Before,3
1671,2037,2037,w19d0170,6,Object_Green,6,True,Before,3
1672,2038,2038,w19d0170,7,Object_Yellow,1,True,After,3
1673,2039,2039,w19d0170,7,Scene_Yellow,3,True,After,3
1674,2040,2040,w19d0170,7,Scene_Blue,4,True,After,3
1675,2041,2041,w19d0170,7,Scene_Red,5,True,After,3
1676,2042,2042,w19d0170,7,Animal_Red,6,True,After,3
1677,2043,2043,w19d0170,8,Object_Blue,3,True,Before,3
1678,2044,2044,w19d0170,8,Object_Red,4,True,Before,3
1679,2045,2045,w19d0170,8,Food_Blue,5,True,Before,3
1680,2046,2046,w19d0170,8,Animal_Green,6,True,Before,3
1681,2047,2047,w4b6424d,1,Animal_Green,1,True,Before,3
1682,2048,2048,w4b6424d,1,Scene_Blue,2,True,Before,3
1683,2049,2049,w4b6424d,1,Animal_Blue,3,True,Before,3
1684,2050,2050,w4b6424d,1,Scene_Yellow,4,True,Before,3
1685,2051,2051,w4b6424d,1,Animal_Yellow,5,True,Before,3
1686,2052,2052,w4b6424d,1,Scene_Green,6,False,Before,3
1687,2053,2053,w4b6424d,2,Scene_Green,1,True,After,3
1688,2054,2054,w4b6424d,2,Animal_Green,2,False,After,3
1689,2055,2055,w4b6424d,2,Food_Red,3,True,After,3
1690,2056,2056,w4b6424d,2,Scene_Blue,4,False,After,3
1691,2057,2057,w4b6424d,2,Animal_Blue,5,False,After,3
1692,2058,2058,w4b6424d,2,Animal_Red,6,False,After,3
1693,2059,2059,w4b6424d,3,Animal_Red,1,True,Before,3
1694,2060,2060,w4b6424d,3,Scene_Green,2,False,Before,3
1695,2061,2061,w4b6424d,3,Scene_Red,3,True,Before,3
1696,2062,2062,w4b6424d,3,Animal_Yellow,4,True,Before,3
1697,2063,2063,w4b6424d,3,Scene_Yellow,5,True,Before,3
1698,2064,2064,w4b6424d,3,Animal_Green,6,False,Before,3
1699,2065,2065,w4b6424d,4,Animal_Red,1,True,After,3
1700,2066,2066,w4b6424d,4,Object_Red,2,True,After,3
1701,2067,2067,w4b6424d,4,Animal_Yellow,3,False,After,3
1702,2068,2068,w4b6424d,4,Object_Yellow,4,True,After,3
1703,2069,2069,w4b6424d,4,Animal_Green,5,False,After,3
1704,2070,2070,w4b6424d,4,Scene_Green,6,False,After,3
1705,2071,2071,w4b6424d,5,Scene_Green,1,True,Before,3
1706,2072,2072,w4b6424d,5,Animal_Green,2,True,Before,3
1707,2073,2073,w4b6424d,5,Scene_Red,3,True,Before,3
1708,2074,2074,w4b6424d,5,Animal_Red,4,True,Before,3
1709,2075,2075,w4b6424d,5,Scene_Blue,5,False,Before,3
1710,2076,2076,w4b6424d,5,Animal_Blue,6,True,Before,3
1711,2077,2077,w4b6424d,6,Scene_Red,1,True,After,3
1712,2078,2078,w4b6424d,6,Scene_Green,2,True,After,3
1713,2079,2079,w4b6424d,6,Animal_Green,3,True,After,3
1714,2080,2080,w4b6424d,6,Animal_Red,4,False,After,3
1715,2081,2081,w4b6424d,6,Scene_Blue,5,False,After,3
1716,2082,2082,w4b6424d,6,Animal_Blue,6,False,After,3
1717,2083,2083,w4b6424d,7,Object_Blue,1,True,Before,3
1718,2084,2084,w4b6424d,7,Scene_Blue,2,True,Before,3
1719,2085,2085,w4b6424d,7,Scene_Green,3,False,Before,3
1720,2086,2086,w4b6424d,7,Food_Green,4,False,Before,3
1721,2087,2087,w4b6424d,7,Scene_Red,5,False,Before,3
1722,2088,2088,w4b6424d,7,Food_Red,6,False,Before,3
1723,2089,2089,w4b6424d,8,Animal_Yellow,1,True,After,3
1724,2090,2090,w4b6424d,8,Object_Yellow,2,True,After,3
1725,2091,2091,w4b6424d,8,Scene_Yellow,3,False,After,3
1726,2092,2092,w4b6424d,8,Food_Blue,4,True,After,3
1727,2093,2093,w4b6424d,8,Scene_Blue,5,False,After,3
1728,2094,2094,w4b6424d,8,Object_Blue,6,True,After,3
1729,2095,2095,wc4c38a3,1,Animal_Yellow,1,True,After,3
1730,2096,2096,wc4c38a3,1,Object_Red,2,True,After,3
1731,2097,2097,wc4c38a3,1,Food_Yellow,3,True,After,3
1732,2098,2098,wc4c38a3,1,Animal_Green,4,False,After,3
1733,2099,2099,wc4c38a3,1,Object_Green,5,True,After,3
1734,2100,2100,wc4c38a3,1,Scene_Red,6,False,After,3
1735,2101,2101,wc4c38a3,2,Scene_Blue,1,True,Before,3
1736,2102,2102,wc4c38a3,2,Scene_Green,2,True,Before,3
1737,2103,2103,wc4c38a3,2,Food_Blue,3,True,Before,3
1738,2104,2104,wc4c38a3,2,Food_Yellow,4,True,Before,3
1739,2105,2105,wc4c38a3,2,Animal_Red,5,False,Before,3
1740,2106,2106,wc4c38a3,3,Irrelevant,1,False,After,3
1741,2107,2107,wc4c38a3,3,Irrelevant,2,False,After,3
1742,2108,2108,wc4c38a3,3,Food_Yellow,3,False,After,3
1743,2109,2109,wc4c38a3,5,Animal_Green,1,True,After,3
1744,2110,2110,wc4c38a3,5,Animal_Blue,2,True,After,3
1745,2111,2111,wc4c38a3,5,Object_Blue,3,True,After,3
1746,2112,2112,wc4c38a3,5,Scene_Blue,4,False,After,3
1747,2113,2113,wc4c38a3,5,Object_Red,5,False,After,3
1748,2114,2114,wc4c38a3,5,Animal_Red,6,False,After,3
1749,2115,2115,wc4c38a3,6,Scene_Red,1,True,Before,3
1750,2116,2116,wc4c38a3,6,Scene_Yellow,2,True,Before,3
1751,2117,2117,wc4c38a3,6,Scene_Blue,3,True,Before,3
1752,2118,2118,wc4c38a3,6,Animal_Red,4,False,Before,3
1753,2119,2119,wc4c38a3,6,Animal_Green,5,False,Before,3
1754,2120,2120,wc4c38a3,7,Animal_Red,1,False,After,3
1755,2121,2121,wc4c38a3,7,Food_Blue,2,False,After,3
1756,2122,2122,wc4c38a3,7,Scene_Red,3,False,After,3
1757,2123,2123,wc4c38a3,7,Irrelevant,4,False,After,3
1758,2124,2124,wc4c38a3,7,Object_Green,5,True,After,3
1759,2125,2125,wc4c38a3,7,Animal_Red,6,False,After,3
1760,2126,2126,wc4c38a3,8,Scene_Red,1,True,Before,3
1761,2127,2127,wc4c38a3,8,Animal_Yellow,2,True,Before,3
1762,2128,2128,wc4c38a3,8,Animal_Red,3,True,Before,3
1763,2129,2129,wc4c38a3,8,Animal_Blue,4,False,Before,3
1764,2130,2130,wc4c38a3,8,Food_Blue,5,False,Before,3
1765,2131,2131,wc4c38a3,8,Scene_Green,6,False,Before,3
1766,2132,2132,w504748f,1,Object_Blue,2,True,After,3
1767,2133,2133,w504748f,1,Animal_Green,3,True,After,3
1768,2134,2134,w504748f,2,Object_Red,1,True,Before,3
1769,2135,2135,w504748f,2,Object_Blue,2,True,Before,3
1770,2136,2136,w504748f,3,Object_Blue,2,False,After,3
1771,2137,2137,w504748f,3,Food_Red,3,True,After,3
1772,2138,2138,w504748f,3,Animal_Green,4,False,After,3
1773,2139,2139,w504748f,4,Irrelevant,1,False,Before,3
1774,2140,2140,w504748f,4,Animal_Red,2,True,Before,3
1775,2141,2141,w504748f,4,Scene_Yellow,3,True,Before,3
1776,2142,2142,w504748f,4,Animal_Blue,5,True,Before,3
1777,2143,2143,w504748f,4,Food_Yellow,6,False,Before,3
1778,2144,2144,w504748f,5,Animal_Yellow,4,True,After,3
1779,2145,2145,w504748f,5,Food_Blue,5,True,After,3
1780,2146,2146,w504748f,5,Food_Yellow,6,True,After,3
1781,2147,2147,w504748f,6,Scene_Red,1,True,Before,3
1782,2148,2148,w504748f,6,Object_Green,3,True,Before,3
1783,2149,2149,w504748f,6,Scene_Green,4,True,Before,3
1784,2150,2150,w504748f,6,Food_Yellow,5,True,Before,3
1785,2151,2151,w504748f,7,Object_Red,1,True,After,3
1786,2152,2152,w504748f,7,Object_Yellow,2,True,After,3
1787,2153,2153,w504748f,7,Scene_Blue,4,True,After,3
1788,2154,2154,w504748f,7,Scene_Red,6,True,After,3
1789,2155,2155,w504748f,8,Food_Blue,1,True,Before,3
1790,2156,2156,w504748f,8,Object_Green,3,True,Before,3
1791,2157,2157,w504748f,8,Animal_Blue,4,True,Before,3
1792,2158,2158,w14cb402,1,Animal_Green,1,True,Before,3
1793,2159,2159,w14cb402,1,Food_Blue,2,False,Before,3
1794,2160,2160,w14cb402,1,Object_Yellow,3,False,Before,3
1795,2161,2161,w14cb402,1,Animal_Yellow,4,True,Before,3
1796,2162,2162,w14cb402,1,Scene_Yellow,5,True,Before,3
1797,2163,2163,w14cb402,1,Scene_Blue,6,True,Before,3
1798,2164,2164,w14cb402,2,Scene_Blue,1,False,After,3
1799,2165,2165,w14cb402,2,Food_Blue,2,True,After,3
1800,2166,2166,w14cb402,2,Scene_Green,5,True,After,3
1801,2167,2167,w14cb402,3,Animal_Yellow,1,True,Before,3
1802,2168,2168,w14cb402,3,Object_Red,2,True,Before,3
1803,2169,2169,w14cb402,3,Scene_Blue,5,True,Before,3
1804,2170,2170,w14cb402,4,Animal_Yellow,1,False,After,3
1805,2171,2171,w14cb402,4,Scene_Red,2,False,After,3
1806,2172,2172,w14cb402,4,Animal_Green,3,False,After,3
1807,2173,2173,w14cb402,4,Object_Red,4,True,After,3
1808,2174,2174,w14cb402,4,Scene_Yellow,5,False,After,3
1809,2175,2175,w14cb402,5,Scene_Red,1,True,Before,3
1810,2176,2176,w14cb402,5,Scene_Green,2,True,Before,3
1811,2177,2177,w14cb402,5,Animal_Green,4,True,Before,3
1812,2178,2178,w14cb402,5,Object_Green,5,True,Before,3
1813,2179,2179,w14cb402,5,Scene_Blue,6,False,Before,3
1814,2180,2180,w14cb402,6,Animal_Green,1,True,After,3
1815,2181,2181,w14cb402,6,Scene_Green,2,True,After,3
1816,2182,2182,w14cb402,6,Animal_Green,3,True,After,3
1817,2183,2183,w14cb402,6,Food_Red,4,True,After,3
1818,2184,2184,w14cb402,6,Food_Green,5,True,After,3
1819,2185,2185,w14cb402,7,Scene_Yellow,3,True,Before,3
1820,2186,2186,w14cb402,7,Object_Yellow,4,True,Before,3
1821,2187,2187,w14cb402,7,Scene_Green,5,False,Before,3
1822,2188,2188,w14cb402,8,Food_Blue,1,True,After,3
1823,2189,2189,w14cb402,8,Food_Yellow,2,False,After,3
1824,2190,2190,w14cb402,8,Food_Red,3,False,After,3
1825,2191,2191,w14cb402,8,Object_Yellow,4,True,After,3
1826,2192,2192,w49d88d0,1,Object_Yellow,1,True,Before,3
1827,2193,2193,w49d88d0,1,Animal_Blue,2,True,Before,3
1828,2194,2194,w49d88d0,1,Animal_Green,3,True,Before,3
1829,2195,2195,w49d88d0,1,Object_Green,4,True,Before,3
1830,2196,2196,w49d88d0,1,Animal_Red,5,False,Before,3
1831,2197,2197,w49d88d0,1,Food_Blue,6,True,Before,3
1832,2198,2198,w49d88d0,2,Scene_Green,1,True,After,3
1833,2199,2199,w49d88d0,2,Scene_Blue,2,True,After,3
1834,2200,2200,w49d88d0,2,Food_Red,3,True,After,3
1835,2201,2201,w49d88d0,4,Scene_Blue,1,True,After,3
1836,2202,2202,w49d88d0,4,Scene_Yellow,2,True,After,3
1837,2203,2203,w49d88d0,4,Animal_Red,3,True,After,3
1838,2204,2204,w49d88d0,4,Food_Yellow,4,False,After,3
1839,2205,2205,w49d88d0,5,Scene_Green,1,True,Before,3
1840,2206,2206,w49d88d0,5,Animal_Yellow,2,True,Before,3
1841,2207,2207,w49d88d0,5,Animal_Green,3,True,Before,3
1842,2208,2208,w49d88d0,5,Food_Blue,4,True,Before,3
1843,2209,2209,w49d88d0,5,Animal_Red,5,False,Before,3
1844,2210,2210,w49d88d0,5,Scene_Yellow,6,False,Before,3
1845,2211,2211,w49d88d0,6,Animal_Red,1,False,After,3
1846,2212,2212,w49d88d0,6,Food_Yellow,2,True,After,3
1847,2213,2213,w49d88d0,6,Object_Yellow,3,False,After,3
1848,2214,2214,w49d88d0,7,Food_Yellow,1,False,Before,3
1849,2215,2215,w49d88d0,7,Animal_Red,2,True,Before,3
1850,2216,2216,w49d88d0,7,Scene_Red,3,True,Before,3
1851,2217,2217,w49d88d0,7,Scene_Blue,4,True,Before,3
1852,2218,2218,w49d88d0,7,Scene_Yellow,5,True,Before,3
1853,2219,2219,w49d88d0,7,Animal_Yellow,6,False,Before,3
1854,2220,2220,w49d88d0,8,Food_Blue,1,True,After,3
1855,2221,2221,w49d88d0,8,Scene_Blue,2,False,After,3
1856,2222,2222,w49d88d0,8,Object_Yellow,3,False,After,3
1857,2223,2223,w49d88d0,8,Animal_Red,4,False,After,3
