,index,wid,game,item,order,shown
0,0,w7c1d29f,1,Scene_Yellow,1,True
1,1,w7c1d29f,1,Food_Red,2,True
2,2,w7c1d29f,1,Food_Blue,3,True
3,3,w7c1d29f,1,Scene_Blue,4,True
4,4,w7c1d29f,2,Food_Green,1,True
5,5,w7c1d29f,2,Object_Blue,2,True
6,6,w7c1d29f,2,Scene_Blue,3,True
7,7,w7c1d29f,2,Scene_Red,4,True
8,8,w7c1d29f,2,Object_Green,5,True
9,9,w7c1d29f,2,Scene_Green,6,True
10,10,w7c1d29f,3,Food_Green,1,True
11,11,w7c1d29f,3,Animal_Red,2,True
12,12,w7c1d29f,3,Object_Blue,3,True
13,13,w7c1d29f,3,Food_Red,4,True
14,14,w7c1d29f,3,Food_Blue,5,True
15,15,w7c1d29f,3,Object_Red,6,True
16,16,w7c1d29f,4,Animal_Yellow,1,True
17,17,w7c1d29f,4,Object_Red,2,True
18,18,w7c1d29f,4,Animal_Green,3,True
19,19,w7c1d29f,4,Object_Green,4,True
20,20,w7c1d29f,4,Scene_Red,5,True
21,21,w7c1d29f,4,Animal_Red,6,True
22,22,w7c1d29f,5,Scene_Green,1,True
23,23,w7c1d29f,5,Scene_Yellow,2,True
24,24,w7c1d29f,5,Animal_Yellow,3,True
25,25,w7c1d29f,5,Animal_Green,4,True
26,26,w7c1d29f,5,Object_Yellow,5,True
27,27,w7c1d29f,5,Animal_Blue,6,True
28,28,wfe9216a,1,Scene_Yellow,1,True
29,29,wfe9216a,1,Object_Yellow,2,True
30,30,wfe9216a,1,Object_Green,3,True
31,31,wfe9216a,1,Animal_Blue,4,False
32,32,wfe9216a,1,Scene_Green,5,True
33,33,wfe9216a,1,Animal_Green,6,True
34,34,wfe9216a,2,Object_Blue,1,True
35,35,wfe9216a,2,Scene_Blue,2,True
36,36,wfe9216a,2,Food_Yellow,3,True
37,37,wfe9216a,2,Food_Red,4,True
38,38,wfe9216a,2,Scene_Red,5,True
39,39,wfe9216a,2,Food_Blue,6,True
40,40,wfe9216a,3,Animal_Yellow,1,True
41,41,wfe9216a,3,Food_Yellow,2,True
42,42,wfe9216a,3,Food_Red,3,False
43,43,wfe9216a,3,Scene_Red,4,False
44,44,wfe9216a,3,Scene_Green,5,True
45,45,wfe9216a,4,Scene_Blue,1,True
46,46,wfe9216a,4,Animal_Yellow,2,False
47,47,wfe9216a,4,Object_Blue,3,True
48,48,wfe9216a,4,Animal_Blue,4,True
49,49,wfe9216a,4,Object_Yellow,5,True
50,50,wfe9216a,4,Food_Red,6,False
51,51,wfe9216a,5,Animal_Yellow,1,False
52,52,wfe9216a,5,Food_Yellow,2,False
53,53,wfe9216a,5,Food_Red,3,True
54,54,wfe9216a,5,Food_Green,4,True
55,55,wfe9216a,5,Object_Blue,5,False
56,56,w47f6859,1,Food_Red,1,True
57,57,w47f6859,1,Object_Blue,2,False
58,58,w47f6859,1,Animal_Blue,3,True
59,59,w47f6859,1,Scene_Blue,4,False
60,60,w47f6859,1,Animal_Green,5,True
61,61,w47f6859,1,Object_Green,6,True
62,62,w47f6859,2,Food_Yellow,1,True
63,63,w47f6859,2,Food_Red,2,True
64,64,w47f6859,2,Scene_Red,3,True
65,65,w47f6859,2,Animal_Red,4,True
66,66,w47f6859,2,Scene_Blue,5,True
67,67,w47f6859,3,Food_Green,1,True
68,68,w47f6859,3,Scene_Green,2,True
69,69,w47f6859,3,Scene_Yellow,3,True
70,70,w47f6859,3,Object_Yellow,4,True
71,71,w47f6859,4,Object_Blue,1,True
72,72,w47f6859,4,Animal_Blue,2,True
73,73,w47f6859,4,Scene_Yellow,3,True
74,74,w47f6859,5,Object_Yellow,1,True
75,75,w47f6859,5,Scene_Blue,2,False
76,76,w488be27,1,Object_Green,1,True
77,77,w488be27,1,Object_Blue,2,True
78,78,w488be27,1,Scene_Yellow,3,True
79,79,w488be27,1,Scene_Green,4,True
80,80,w488be27,1,Animal_Yellow,5,True
81,81,w488be27,2,Animal_Red,1,True
82,82,w488be27,2,Food_Blue,2,True
83,83,w488be27,2,Object_Blue,3,True
84,84,w488be27,3,Object_Red,1,True
85,85,w488be27,4,Animal_Green,1,True
86,86,w488be27,4,Scene_Blue,2,True
87,87,w488be27,5,Food_Red,1,True
88,118,w973f72a,1,Food_Red,1,True
89,119,w973f72a,1,Object_Yellow,2,True
90,120,w973f72a,1,Scene_Red,3,True
91,121,w973f72a,2,Food_Red,1,True
92,122,w973f72a,2,Food_Yellow,2,True
93,123,w973f72a,2,Animal_Blue,3,True
94,124,w973f72a,3,Animal_Yellow,1,True
95,125,w973f72a,4,Animal_Yellow,1,True
96,126,w973f72a,4,Scene_Green,2,True
97,127,w973f72a,4,Animal_Green,3,True
98,128,w973f72a,4,Scene_Blue,4,True
99,129,w973f72a,5,Object_Red,1,True
100,130,w973f72a,5,Object_Blue,2,True
101,131,w973f72a,5,Scene_Yellow,3,False
102,132,wd7d7085,1,Food_Green,1,False
103,133,wd7d7085,1,Object_Blue,2,False
104,134,wd7d7085,1,Animal_Green,3,False
105,135,wd7d7085,1,Scene_Yellow,4,True
106,136,wd7d7085,1,Object_Yellow,5,True
107,137,wd7d7085,1,Food_Yellow,6,False
108,138,wd7d7085,2,Food_Yellow,1,True
109,139,wd7d7085,2,Scene_Blue,2,True
110,140,wd7d7085,2,Scene_Red,3,True
111,141,wd7d7085,2,Food_Blue,4,True
112,142,wd7d7085,2,Scene_Yellow,5,True
113,143,wd7d7085,2,Object_Yellow,6,True
114,144,wd7d7085,3,Scene_Blue,1,True
115,145,wd7d7085,3,Food_Blue,2,True
116,146,wd7d7085,3,Food_Red,3,True
117,147,wd7d7085,3,Animal_Red,4,True
118,148,wd7d7085,3,Scene_Green,5,False
119,149,wd7d7085,3,Food_Green,6,True
120,150,wd7d7085,4,Object_Blue,1,True
121,151,wd7d7085,4,Animal_Yellow,2,True
122,152,wd7d7085,4,Animal_Blue,3,True
123,153,wd7d7085,4,Animal_Green,4,True
124,154,wd7d7085,4,Food_Green,5,True
125,155,wd7d7085,4,Scene_Blue,6,False
126,156,wd7d7085,5,Object_Green,1,True
127,157,wd7d7085,5,Animal_Red,2,True
128,158,wd7d7085,5,Scene_Red,3,False
129,159,wd7d7085,5,Scene_Green,4,True
130,160,wd7d7085,5,Animal_Green,5,True
131,161,wd7d7085,5,Food_Red,6,False
132,162,w502a382,1,Object_Red,1,True
133,163,w502a382,1,Food_Red,2,False
134,164,w502a382,1,Animal_Red,3,False
135,165,w502a382,1,Object_Blue,4,True
136,166,w502a382,1,Scene_Red,5,True
137,167,w502a382,1,Scene_Blue,6,True
138,168,w502a382,2,Scene_Red,1,False
139,169,w502a382,2,Food_Red,2,False
140,170,w502a382,2,Object_Blue,3,False
141,171,w502a382,2,Scene_Green,4,True
142,172,w502a382,2,Animal_Red,5,False
143,173,w502a382,2,Scene_Blue,6,False
144,174,w502a382,3,Food_Red,1,False
145,175,w502a382,3,Object_Blue,2,False
146,176,w502a382,3,Scene_Red,3,True
147,177,w502a382,3,Animal_Green,4,False
148,178,w502a382,3,Food_Blue,5,False
149,179,w502a382,3,Scene_Green,6,False
150,180,w502a382,4,Object_Green,1,True
151,181,w502a382,4,Food_Red,2,True
152,182,w502a382,4,Scene_Green,3,False
153,183,w502a382,4,Scene_Red,4,False
154,184,w502a382,4,Scene_Blue,5,False
155,185,w502a382,4,Object_Blue,6,True
156,186,w502a382,5,Animal_Green,1,False
157,187,w502a382,5,Object_Blue,2,False
158,188,w502a382,5,Animal_Red,3,False
159,189,w502a382,5,Scene_Green,4,True
160,190,w502a382,5,Scene_Red,5,False
161,191,w502a382,5,Food_Red,6,True
162,192,w8f47681,1,Object_Yellow,1,True
163,193,w8f47681,1,Food_Yellow,2,False
164,194,w8f47681,1,Food_Red,3,True
165,195,w8f47681,1,Scene_Blue,4,False
166,196,w8f47681,1,Animal_Red,5,True
167,197,w8f47681,2,Object_Blue,1,True
168,198,w8f47681,2,Food_Blue,2,True
169,199,w8f47681,2,Food_Green,3,True
170,200,w8f47681,2,Food_Yellow,4,True
171,201,w8f47681,3,Scene_Blue,1,True
172,202,w8f47681,3,Scene_Red,2,True
173,203,w8f47681,3,Scene_Green,3,True
174,204,w8f47681,3,Food_Blue,4,True
175,205,w8f47681,3,Object_Blue,5,True
176,206,w8f47681,4,Scene_Red,1,True
177,207,w8f47681,4,Animal_Red,2,True
178,208,w8f47681,4,Scene_Yellow,3,True
179,209,w8f47681,4,Scene_Blue,4,True
180,210,w8f47681,4,Food_Red,5,True
181,211,w8f47681,5,Object_Green,1,True
182,212,w8f47681,5,Animal_Yellow,2,True
183,213,w8f47681,5,Animal_Green,3,True
184,214,w8f47681,5,Object_Yellow,4,True
185,215,w8f47681,5,Scene_Green,5,True
186,216,w8e2568d,1,Animal_Red,1,False
187,217,w8e2568d,1,Object_Red,2,True
188,218,w8e2568d,1,Scene_Red,3,False
189,219,w8e2568d,1,Food_Red,4,False
190,220,w8e2568d,1,Animal_Blue,5,True
191,221,w8e2568d,1,Scene_Green,6,True
192,222,w8e2568d,2,Food_Yellow,1,True
193,223,w8e2568d,2,Animal_Green,2,True
194,224,w8e2568d,2,Object_Blue,3,True
195,225,w8e2568d,2,Scene_Blue,4,False
196,226,w8e2568d,2,Animal_Blue,5,True
197,227,w8e2568d,2,Scene_Green,6,False
198,228,w8e2568d,3,Food_Red,1,True
199,229,w8e2568d,3,Animal_Green,2,False
200,230,w8e2568d,3,Scene_Yellow,5,True
201,231,w8e2568d,4,Food_Blue,1,True
202,232,w8e2568d,5,Animal_Red,1,True
203,233,w4a643e0,1,Scene_Green,1,True
204,234,w4a643e0,1,Scene_Yellow,2,True
205,235,w4a643e0,1,Object_Red,3,False
206,236,w4a643e0,1,Object_Green,4,True
207,237,w4a643e0,1,Object_Yellow,5,True
208,238,w4a643e0,2,Scene_Blue,1,True
209,239,w4a643e0,2,Scene_Red,2,True
210,240,w4a643e0,2,Food_Blue,3,True
211,241,w4a643e0,2,Food_Green,4,True
212,242,w4a643e0,2,Food_Red,5,True
213,243,w4a643e0,2,Animal_Blue,6,True
214,244,w4a643e0,3,Food_Yellow,1,True
215,245,w4a643e0,3,Object_Green,2,False
216,246,w4a643e0,3,Food_Red,3,True
217,247,w4a643e0,3,Food_Blue,4,False
218,248,w4a643e0,4,Object_Yellow,1,True
219,249,w4a643e0,4,Object_Blue,2,True
220,250,w4a643e0,4,Food_Red,3,False
221,251,w4a643e0,4,Food_Blue,4,True
222,252,w4a643e0,5,Scene_Yellow,1,True
223,253,w4a643e0,5,Scene_Blue,2,False
224,254,w4a643e0,5,Food_Blue,3,False
225,255,w4a643e0,5,Animal_Yellow,4,True
226,256,w9f6c077,1,Animal_Green,1,True
227,257,w9f6c077,1,Object_Red,2,True
228,258,w9f6c077,1,Object_Blue,4,True
229,259,w9f6c077,1,Scene_Blue,5,True
230,260,w9f6c077,1,Food_Yellow,6,False
231,261,w9f6c077,2,Scene_Blue,1,False
232,262,w9f6c077,2,Object_Blue,2,True
233,263,w9f6c077,2,Food_Blue,3,True
234,264,w9f6c077,2,Food_Yellow,4,True
235,265,w9f6c077,2,Scene_Green,5,True
236,266,w9f6c077,3,Animal_Red,1,True
237,267,w9f6c077,3,Food_Green,2,True
238,268,w9f6c077,3,Object_Blue,3,False
239,269,w9f6c077,4,Scene_Red,1,True
240,270,w9f6c077,4,Scene_Yellow,2,True
241,271,w9f6c077,4,Animal_Red,3,True
242,272,w9f6c077,4,Object_Red,4,False
243,273,w9f6c077,4,Scene_Blue,5,True
244,274,w9f6c077,5,Scene_Red,1,True
245,275,w9f6c077,5,Food_Yellow,2,True
246,276,w9f6c077,5,Object_Yellow,3,False
247,277,w9f6c077,5,Animal_Yellow,5,True
248,278,w5317a1b,1,Animal_Green,1,True
249,279,w5317a1b,1,Object_Red,2,False
250,280,w5317a1b,1,Animal_Yellow,3,True
251,281,w5317a1b,1,Object_Green,4,True
252,282,w5317a1b,1,Object_Yellow,6,True
253,283,w5317a1b,2,Animal_Yellow,1,True
254,284,w5317a1b,2,Animal_Blue,2,False
255,285,w5317a1b,2,Scene_Blue,3,True
256,286,w5317a1b,2,Scene_Yellow,4,True
257,287,w5317a1b,2,Food_Yellow,5,True
258,288,w5317a1b,2,Food_Blue,6,True
259,289,w5317a1b,3,Animal_Green,1,True
260,290,w5317a1b,3,Food_Green,2,True
261,291,w5317a1b,3,Scene_Red,3,True
262,292,w5317a1b,3,Scene_Green,4,True
263,293,w5317a1b,3,Animal_Blue,5,True
264,294,w5317a1b,3,Animal_Red,6,True
265,295,w5317a1b,4,Food_Red,1,True
266,296,w5317a1b,4,Animal_Red,2,True
267,297,w5317a1b,4,Object_Red,3,True
268,298,w5317a1b,4,Animal_Blue,4,False
269,299,w5317a1b,4,Food_Yellow,5,True
270,300,w5317a1b,4,Object_Yellow,6,True
271,301,w5317a1b,5,Object_Blue,1,True
272,302,w5317a1b,5,Scene_Red,2,True
273,303,w5317a1b,5,Animal_Red,3,False
274,304,w5317a1b,5,Scene_Blue,4,True
275,305,w5317a1b,5,Scene_Yellow,5,True
276,306,w5317a1b,5,Food_Green,6,False
277,307,w4f4cbdd,1,Food_Yellow,1,True
278,308,w4f4cbdd,1,Animal_Yellow,2,True
279,309,w4f4cbdd,1,Object_Green,3,True
280,310,w4f4cbdd,1,Food_Green,4,True
281,311,w4f4cbdd,1,Animal_Green,5,True
282,312,w4f4cbdd,2,Animal_Yellow,1,True
283,313,w4f4cbdd,2,Scene_Green,2,True
284,314,w4f4cbdd,2,Scene_Red,3,True
285,315,w4f4cbdd,2,Animal_Green,4,True
286,316,w4f4cbdd,2,Food_Red,5,True
287,317,w4f4cbdd,3,Scene_Yellow,1,True
288,318,w4f4cbdd,3,Animal_Yellow,2,False
289,319,w4f4cbdd,3,Object_Red,3,True
290,320,w4f4cbdd,3,Object_Blue,4,True
291,321,w4f4cbdd,3,Food_Red,5,False
292,322,w4f4cbdd,4,Scene_Green,1,True
293,323,w4f4cbdd,4,Scene_Blue,2,True
294,324,w4f4cbdd,4,Scene_Red,3,True
295,325,w4f4cbdd,4,Object_Blue,4,False
296,326,w4f4cbdd,5,Object_Yellow,1,True
297,327,w4f4cbdd,5,Object_Blue,2,True
298,328,w4f4cbdd,5,Object_Green,3,True
299,329,w4f4cbdd,5,Scene_Yellow,4,True
300,330,w4f4cbdd,5,Food_Yellow,5,True
301,331,w4bdc2df,1,Animal_Red,1,False
302,332,w4bdc2df,1,Object_Red,2,True
303,333,w4bdc2df,1,Food_Yellow,3,False
304,334,w4bdc2df,1,Scene_Green,4,False
305,335,w4bdc2df,1,Object_Blue,5,True
306,336,w4bdc2df,1,Animal_Blue,6,False
307,337,w4bdc2df,2,Scene_Yellow,1,True
308,338,w4bdc2df,2,Irrelevant,2,False
309,339,w4bdc2df,2,Animal_Red,3,False
310,340,w4bdc2df,2,Food_Yellow,4,True
311,341,w4bdc2df,2,Scene_Green,5,True
312,342,w4bdc2df,2,Irrelevant,6,False
313,343,w4bdc2df,3,Scene_Green,1,True
314,344,w4bdc2df,3,Scene_Blue,2,False
315,345,w4bdc2df,3,Food_Yellow,3,True
316,346,w4bdc2df,3,Food_Red,4,False
317,347,w4bdc2df,3,Animal_Red,5,False
318,348,w4bdc2df,3,Animal_Blue,6,False
319,349,w4bdc2df,4,Animal_Green,1,True
320,350,w4bdc2df,4,Scene_Green,2,False
321,351,w4bdc2df,4,Scene_Yellow,3,False
322,352,w4bdc2df,4,Food_Red,4,True
323,353,w4bdc2df,4,Scene_Red,5,False
324,354,w4bdc2df,4,Scene_Green,6,False
325,355,w4bdc2df,5,Animal_Red,1,True
326,356,w4bdc2df,5,Scene_Green,2,False
327,357,w4bdc2df,5,Animal_Green,3,False
328,358,w4bdc2df,5,Scene_Yellow,4,True
329,359,w4bdc2df,5,Scene_Red,5,True
330,360,w4bdc2df,5,Scene_Blue,6,True
331,361,wd071aa9,1,Scene_Yellow,1,True
332,362,wd071aa9,1,Animal_Green,2,True
333,363,wd071aa9,1,Scene_Blue,3,True
334,364,wd071aa9,1,Food_Blue,4,False
335,365,wd071aa9,1,Animal_Yellow,5,True
336,366,wd071aa9,1,Object_Yellow,6,True
337,367,wd071aa9,2,Scene_Blue,1,True
338,368,wd071aa9,2,Food_Yellow,2,True
339,369,wd071aa9,2,Food_Blue,3,True
340,370,wd071aa9,2,Scene_Red,4,True
341,371,wd071aa9,2,Scene_Green,6,False
342,372,wd071aa9,3,Food_Green,1,True
343,373,wd071aa9,3,Object_Green,2,True
344,374,wd071aa9,3,Scene_Green,3,True
345,375,wd071aa9,3,Object_Blue,4,True
346,376,wd071aa9,3,Object_Yellow,5,True
347,377,wd071aa9,3,Food_Yellow,6,True
348,378,wd071aa9,4,Animal_Blue,1,True
349,379,wd071aa9,4,Animal_Red,2,True
350,380,wd071aa9,4,Food_Red,3,True
351,381,wd071aa9,4,Scene_Red,4,False
352,382,wd071aa9,4,Object_Green,5,True
353,383,wd071aa9,4,Object_Yellow,6,False
354,384,wd071aa9,5,Animal_Yellow,1,True
355,385,wd071aa9,5,Scene_Yellow,2,True
356,386,wd071aa9,5,Animal_Green,3,True
357,387,wd071aa9,5,Scene_Red,4,True
358,388,wd071aa9,5,Food_Red,5,False
359,389,w8d56791,1,Animal_Red,1,False
360,390,w8d56791,1,Animal_Blue,2,False
361,391,w8d56791,1,Food_Green,3,True
362,392,w8d56791,1,Scene_Yellow,4,True
363,393,w8d56791,1,Animal_Yellow,5,True
364,394,w8d56791,1,Scene_Green,6,True
365,395,w8d56791,2,Object_Blue,1,True
366,396,w8d56791,2,Food_Yellow,2,True
367,397,w8d56791,2,Object_Red,3,True
368,398,w8d56791,2,Scene_Blue,4,True
369,399,w8d56791,3,Object_Red,1,True
370,400,w8d56791,3,Food_Red,2,False
371,401,w8d56791,3,Food_Yellow,3,False
372,402,w8d56791,4,Object_Yellow,1,True
373,403,w8d56791,4,Object_Green,2,True
374,404,w8d56791,4,Food_Blue,3,False
375,405,w8d56791,5,Animal_Green,1,True
376,406,w8d56791,5,Scene_Blue,2,True
377,407,w8d56791,5,Food_Red,3,True
378,408,w8d56791,5,Food_Blue,4,True
379,409,wf93dad0,1,Animal_Red,1,True
380,410,wf93dad0,1,Food_Yellow,2,True
381,411,wf93dad0,1,Animal_Green,3,True
382,412,wf93dad0,1,Object_Green,4,True
383,413,wf93dad0,2,Food_Yellow,1,True
384,414,wf93dad0,2,Scene_Red,2,True
385,415,wf93dad0,2,Object_Red,3,True
386,416,wf93dad0,2,Scene_Yellow,4,True
387,417,wf93dad0,2,Object_Blue,5,True
388,418,wf93dad0,3,Object_Green,1,True
389,419,wf93dad0,3,Animal_Blue,2,True
390,420,wf93dad0,3,Food_Blue,3,True
391,421,wf93dad0,3,Object_Blue,4,True
392,422,wf93dad0,3,Object_Red,5,True
393,423,wf93dad0,4,Food_Red,1,True
394,424,wf93dad0,4,Food_Blue,2,True
395,425,wf93dad0,4,Animal_Red,3,True
396,426,wf93dad0,4,Scene_Red,4,True
397,427,wf93dad0,4,Scene_Green,5,True
398,428,wf93dad0,5,Object_Yellow,1,True
399,429,wf93dad0,5,Scene_Yellow,2,True
400,430,wf93dad0,5,Scene_Green,3,True
401,431,wf93dad0,5,Scene_Blue,4,True
402,432,wa797b6a,1,Scene_Red,1,True
403,433,wa797b6a,1,Object_Red,2,True
404,434,wa797b6a,1,Scene_Green,3,True
405,435,wa797b6a,1,Scene_Blue,4,True
406,436,wa797b6a,1,Object_Blue,5,True
407,437,wa797b6a,1,Food_Blue,6,True
408,438,wa797b6a,2,Object_Yellow,1,True
409,439,wa797b6a,2,Food_Blue,2,True
410,440,wa797b6a,2,Food_Green,3,True
411,441,wa797b6a,2,Object_Green,4,True
412,442,wa797b6a,2,Object_Blue,5,True
413,443,wa797b6a,2,Animal_Blue,6,True
414,444,wa797b6a,3,Animal_Red,1,True
415,445,wa797b6a,3,Object_Yellow,2,True
416,446,wa797b6a,3,Food_Red,3,True
417,447,wa797b6a,3,Object_Red,4,True
418,448,wa797b6a,3,Food_Yellow,5,True
419,449,wa797b6a,3,Animal_Blue,6,False
420,450,wa797b6a,4,Animal_Yellow,1,True
421,451,wa797b6a,4,Food_Red,2,True
422,452,wa797b6a,4,Scene_Red,3,True
423,453,wa797b6a,4,Scene_Yellow,4,True
424,454,wa797b6a,4,Scene_Blue,5,True
425,455,wa797b6a,4,Animal_Red,6,True
426,456,wa797b6a,5,Object_Green,1,True
427,457,wa797b6a,5,Scene_Green,2,True
428,458,wa797b6a,5,Animal_Green,3,True
429,459,wa797b6a,5,Animal_Yellow,4,True
430,460,wa797b6a,5,Scene_Yellow,5,True
431,461,wa797b6a,5,Animal_Blue,6,True
432,462,w7cfc37e,2,Object_Blue,1,True
433,463,w7cfc37e,2,Scene_Red,2,True
434,464,w7cfc37e,2,Animal_Green,3,True
435,465,w7cfc37e,2,Object_Green,4,True
436,466,w7cfc37e,3,Animal_Blue,1,True
437,467,w7cfc37e,3,Animal_Yellow,2,True
438,468,w7cfc37e,3,Scene_Green,3,True
439,469,w7cfc37e,4,Food_Yellow,1,True
440,470,w7cfc37e,4,Food_Green,2,True
441,471,w7cfc37e,4,Animal_Green,3,True
442,472,w7cfc37e,5,Scene_Yellow,1,True
443,473,w7cfc37e,5,Scene_Red,2,True
444,474,w7cfc37e,5,Animal_Blue,3,True
445,475,w7cfc37e,5,Food_Yellow,4,False
446,476,w797a1e5,1,Food_Red,1,True
447,477,w797a1e5,1,Animal_Red,2,True
448,478,w797a1e5,1,Animal_Green,3,True
449,479,w797a1e5,1,Food_Yellow,4,True
450,480,w797a1e5,1,Animal_Yellow,5,True
451,481,w797a1e5,1,Scene_Red,6,True
452,482,w797a1e5,2,Scene_Blue,1,True
453,483,w797a1e5,2,Object_Red,2,True
454,484,w797a1e5,2,Object_Green,3,True
455,485,w797a1e5,2,Scene_Green,4,True
456,486,w797a1e5,2,Object_Blue,5,True
457,487,w797a1e5,2,Animal_Blue,6,True
458,488,w797a1e5,3,Scene_Yellow,1,True
459,489,w797a1e5,3,Scene_Green,2,True
460,490,w797a1e5,3,Animal_Yellow,3,True
461,491,w797a1e5,3,Food_Yellow,4,True
462,492,w797a1e5,3,Food_Green,5,True
463,493,w797a1e5,3,Food_Blue,6,True
464,494,w797a1e5,4,Object_Yellow,1,True
465,495,w797a1e5,4,Scene_Red,2,True
466,496,w797a1e5,4,Object_Red,3,True
467,497,w797a1e5,4,Food_Blue,4,True
468,498,w797a1e5,4,Object_Blue,5,True
469,499,w797a1e5,4,Scene_Blue,6,True
470,500,w797a1e5,5,Animal_Green,1,True
471,501,w797a1e5,5,Object_Green,2,True
472,502,w797a1e5,5,Animal_Red,3,True
473,503,w797a1e5,5,Animal_Blue,4,True
474,504,w797a1e5,5,Food_Green,5,True
475,505,w797a1e5,5,Food_Red,6,True
476,556,we6aff32,1,Scene_Blue,1,False
477,557,we6aff32,1,Animal_Green,2,False
478,558,we6aff32,1,Object_Yellow,4,True
479,559,we6aff32,1,Scene_Yellow,5,True
480,560,we6aff32,2,Animal_Blue,1,True
481,561,we6aff32,2,Object_Blue,2,True
482,562,we6aff32,2,Scene_Blue,3,True
483,563,we6aff32,2,Animal_Yellow,4,True
484,564,we6aff32,2,Object_Yellow,5,True
485,565,we6aff32,2,Object_Red,6,True
486,566,we6aff32,3,Animal_Red,1,True
487,567,we6aff32,3,Food_Blue,2,True
488,568,we6aff32,3,Animal_Green,5,True
489,569,we6aff32,3,Food_Red,6,True
490,570,we6aff32,4,Scene_Red,1,True
491,571,we6aff32,4,Scene_Yellow,3,True
492,572,we6aff32,5,Scene_Blue,1,True
493,573,we6aff32,5,Scene_Red,2,True
494,574,we6aff32,5,Animal_Red,3,True
495,575,we6aff32,5,Food_Green,4,True
496,576,we6aff32,5,Food_Blue,5,True
497,577,w6b34a8b,1,Animal_Yellow,1,True
498,578,w6b34a8b,1,Food_Green,2,True
499,579,w6b34a8b,1,Object_Blue,3,True
500,580,w6b34a8b,1,Food_Red,4,False
501,581,w6b34a8b,1,Animal_Blue,5,True
502,582,w6b34a8b,1,Irrelevant,6,False
503,583,w6b34a8b,2,Scene_Red,1,True
504,584,w6b34a8b,2,Object_Red,2,True
505,585,w6b34a8b,2,Object_Yellow,3,True
506,586,w6b34a8b,2,Animal_Yellow,4,True
507,587,w6b34a8b,2,Food_Red,5,False
508,588,w6b34a8b,2,Animal_Green,6,False
509,589,w6b34a8b,3,Food_Red,1,True
510,590,w6b34a8b,3,Object_Red,2,False
511,591,w6b34a8b,3,Animal_Green,3,False
512,592,w6b34a8b,3,Scene_Red,4,True
513,593,w6b34a8b,3,Scene_Blue,5,True
514,594,w6b34a8b,3,Object_Yellow,6,False
515,595,w6b34a8b,4,Scene_Red,1,False
516,596,w6b34a8b,4,Object_Yellow,2,True
517,597,w6b34a8b,4,Object_Red,3,False
518,598,w6b34a8b,4,Scene_Blue,4,False
519,599,w6b34a8b,4,Scene_Yellow,5,True
520,600,w6b34a8b,4,Food_Red,6,True
521,601,w6b34a8b,5,Object_Green,1,True
522,602,w6b34a8b,5,Object_Red,2,True
523,603,w6b34a8b,5,Animal_Red,3,False
524,604,w6b34a8b,5,Object_Yellow,4,False
525,605,w6b34a8b,5,Scene_Blue,5,True
526,606,w6b34a8b,5,Scene_Green,6,True
527,607,w3946928,1,Animal_Blue,1,True
528,608,w3946928,1,Animal_Green,2,True
529,609,w3946928,1,Object_Red,3,False
530,610,w3946928,1,Scene_Blue,4,True
531,611,w3946928,1,Animal_Yellow,5,True
532,612,w3946928,1,Food_Yellow,6,True
533,613,w3946928,2,Object_Red,1,True
534,614,w3946928,2,Animal_Red,2,True
535,615,w3946928,2,Animal_Green,3,False
536,616,w3946928,2,Scene_Yellow,4,False
537,617,w3946928,3,Food_Red,1,True
538,618,w3946928,3,Food_Green,2,False
539,619,w3946928,3,Object_Yellow,3,True
540,620,w3946928,3,Scene_Yellow,4,True
541,621,w3946928,3,Food_Yellow,5,True
542,622,w3946928,4,Animal_Green,1,True
543,623,w3946928,4,Scene_Red,4,True
544,624,w3946928,5,Scene_Red,1,True
545,625,w3946928,5,Scene_Green,4,True
546,626,w3946928,5,Animal_Blue,6,True
547,627,w04c1659,1,Object_Red,1,True
548,628,w04c1659,1,Food_Red,2,True
549,629,w04c1659,1,Scene_Blue,3,True
550,630,w04c1659,1,Food_Blue,4,True
551,631,w04c1659,1,Scene_Red,5,True
552,632,w04c1659,2,Food_Red,1,True
553,633,w04c1659,2,Food_Green,2,True
554,634,w04c1659,2,Scene_Yellow,3,False
555,635,w04c1659,2,Object_Yellow,4,True
556,636,w04c1659,2,Scene_Red,5,False
557,637,w04c1659,3,Animal_Yellow,1,True
558,638,w04c1659,3,Animal_Green,2,True
559,639,w04c1659,3,Object_Green,3,True
560,640,w04c1659,3,Scene_Green,4,True
561,641,w04c1659,3,Food_Yellow,5,False
562,642,w04c1659,3,Food_Red,6,False
563,643,w04c1659,4,Scene_Green,1,True
564,644,w04c1659,4,Food_Blue,2,True
565,645,w04c1659,4,Food_Yellow,3,True
566,646,w04c1659,4,Scene_Yellow,4,True
567,647,w04c1659,4,Animal_Yellow,5,True
568,648,w04c1659,5,Scene_Blue,1,True
569,649,w04c1659,5,Animal_Yellow,2,False
570,650,w04c1659,5,Object_Blue,3,True
571,651,w04c1659,5,Animal_Green,4,True
572,652,w04c1659,5,Scene_Red,5,True
573,653,w04c1659,5,Animal_Red,6,True
574,654,wcbfad8c,1,Animal_Yellow,1,True
575,655,wcbfad8c,1,Object_Blue,2,True
576,656,wcbfad8c,1,Food_Blue,3,False
577,657,wcbfad8c,1,Irrelevant,4,False
578,658,wcbfad8c,1,Animal_Blue,5,True
579,659,wcbfad8c,1,Scene_Green,6,False
580,660,wcbfad8c,2,Object_Red,1,True
581,661,wcbfad8c,2,Scene_Red,2,True
582,662,wcbfad8c,2,Scene_Green,3,True
583,663,wcbfad8c,2,Food_Blue,4,True
584,664,wcbfad8c,2,Food_Red,5,True
585,665,wcbfad8c,3,Object_Red,1,False
586,666,wcbfad8c,3,Scene_Blue,2,True
587,667,wcbfad8c,3,Food_Blue,3,False
588,668,wcbfad8c,4,Object_Red,1,True
589,669,wcbfad8c,4,Food_Yellow,2,True
590,670,wcbfad8c,5,Food_Green,1,True
591,671,wcbfad8c,5,Scene_Green,2,True
592,672,wcbfad8c,5,Food_Yellow,3,True
593,673,wcbfad8c,5,Animal_Red,4,True
594,674,wab2e8f4,1,Food_Blue,1,True
595,675,wab2e8f4,1,Irrelevant,2,False
596,676,wab2e8f4,1,Object_Red,3,True
597,677,wab2e8f4,1,Irrelevant,4,False
598,678,wab2e8f4,1,Irrelevant,5,False
599,679,wab2e8f4,2,Food_Blue,1,True
600,680,wab2e8f4,2,Scene_Yellow,2,True
601,681,wab2e8f4,2,Food_Yellow,3,True
602,682,wab2e8f4,2,Scene_Red,4,True
603,683,wab2e8f4,2,Object_Yellow,5,True
604,684,wab2e8f4,3,Object_Yellow,1,True
605,685,wab2e8f4,3,Scene_Yellow,2,True
606,686,wab2e8f4,3,Animal_Blue,3,True
607,687,wab2e8f4,3,Object_Blue,4,True
608,688,wab2e8f4,3,Animal_Red,5,False
609,689,wab2e8f4,3,Scene_Blue,6,False
610,690,wab2e8f4,4,Animal_Blue,1,True
611,691,wab2e8f4,4,Scene_Green,2,True
612,692,wab2e8f4,4,Animal_Green,3,True
613,693,wab2e8f4,4,Food_Green,4,True
614,694,wab2e8f4,4,Scene_Blue,5,True
615,695,wab2e8f4,5,Animal_Green,2,False
616,696,wab2e8f4,5,Food_Red,3,True
617,697,wab2e8f4,5,Scene_Red,4,True
618,698,wab2e8f4,5,Food_Yellow,6,True
619,699,w192a97f,1,Animal_Yellow,1,True
620,700,w192a97f,1,Animal_Blue,2,False
621,701,w192a97f,1,Animal_Green,3,True
622,702,w192a97f,1,Scene_Blue,4,False
623,703,w192a97f,1,Scene_Red,5,True
624,704,w192a97f,1,Object_Yellow,6,True
625,705,w192a97f,2,Object_Green,1,True
626,706,w192a97f,2,Object_Blue,2,True
627,707,w192a97f,2,Food_Yellow,3,True
628,708,w192a97f,2,Scene_Red,4,False
629,709,w192a97f,2,Object_Yellow,5,True
630,710,w192a97f,2,Object_Green,6,True
631,711,w192a97f,3,Food_Yellow,1,True
632,712,w192a97f,3,Scene_Blue,2,True
633,713,w192a97f,3,Food_Red,3,True
634,714,w192a97f,3,Animal_Yellow,4,True
635,715,w192a97f,3,Food_Blue,5,True
636,716,w192a97f,3,Scene_Yellow,6,True
637,717,w192a97f,4,Food_Green,1,True
638,718,w192a97f,4,Animal_Green,2,True
639,719,w192a97f,4,Food_Blue,3,False
640,720,w192a97f,4,Scene_Green,4,True
641,721,w192a97f,4,Scene_Blue,5,True
642,722,w192a97f,4,Scene_Yellow,6,True
643,723,w192a97f,5,Food_Red,1,True
644,724,w192a97f,5,Food_Blue,2,True
645,725,w192a97f,5,Object_Blue,3,True
646,726,w192a97f,5,Object_Green,4,True
647,727,w192a97f,5,Object_Red,5,True
648,728,w192a97f,5,Animal_Blue,6,True
649,729,web7e878,1,Animal_Red,1,True
650,730,web7e878,1,Object_Red,4,True
651,731,web7e878,2,Scene_Green,1,True
652,732,web7e878,2,Animal_Yellow,2,True
653,733,web7e878,2,Animal_Green,3,False
654,734,web7e878,3,Animal_Green,1,True
655,735,web7e878,3,Food_Blue,2,True
656,736,web7e878,3,Scene_Green,3,False
657,737,web7e878,3,Object_Green,5,True
658,738,web7e878,4,Scene_Blue,2,True
659,739,web7e878,4,Food_Yellow,3,True
660,740,web7e878,4,Object_Yellow,6,True
661,741,web7e878,5,Scene_Blue,1,True
662,742,web7e878,5,Scene_Green,3,True
663,743,web7e878,5,Scene_Yellow,6,False
664,744,wf1ea1db,1,Food_Yellow,3,True
665,745,wf1ea1db,3,Animal_Green,1,False
666,746,wf1ea1db,5,Scene_Red,3,True
667,756,w2d4c98d,1,Animal_Green,1,True
668,757,w2d4c98d,1,Object_Blue,2,True
669,758,w2d4c98d,1,Object_Green,3,True
670,759,w2d4c98d,1,Object_Red,4,True
671,760,w2d4c98d,1,Animal_Red,5,True
672,761,w2d4c98d,1,Food_Green,6,True
673,762,w2d4c98d,2,Object_Red,1,True
674,763,w2d4c98d,2,Scene_Blue,2,True
675,764,w2d4c98d,2,Animal_Blue,3,True
676,765,w2d4c98d,2,Scene_Green,4,True
677,766,w2d4c98d,2,Object_Green,5,True
678,767,w2d4c98d,2,Object_Green,6,True
679,768,w2d4c98d,3,Food_Green,1,True
680,769,w2d4c98d,3,Animal_Yellow,2,True
681,770,w2d4c98d,3,Animal_Blue,3,True
682,771,w2d4c98d,3,Object_Yellow,4,True
683,772,w2d4c98d,3,Food_Yellow,5,True
684,773,w2d4c98d,3,Food_Blue,6,True
685,774,w2d4c98d,4,Animal_Red,1,True
686,775,w2d4c98d,4,Animal_Yellow,2,True
687,776,w2d4c98d,4,Scene_Green,3,True
688,777,w2d4c98d,4,Scene_Red,4,True
689,778,w2d4c98d,4,Food_Red,5,True
690,779,w2d4c98d,4,Scene_Yellow,6,True
691,780,w2d4c98d,5,Scene_Yellow,1,True
692,781,w2d4c98d,5,Scene_Blue,2,True
693,782,w2d4c98d,5,Scene_Red,3,True
694,783,w2d4c98d,5,Food_Red,4,True
695,784,w2d4c98d,5,Food_Yellow,5,True
696,785,w2d4c98d,5,Object_Yellow,6,True
697,816,w608e33c,1,Food_Green,1,True
698,817,w608e33c,1,Scene_Red,2,True
699,818,w608e33c,1,Animal_Green,3,True
700,819,w608e33c,1,Food_Red,4,True
701,820,w608e33c,1,Food_Yellow,5,False
702,821,w608e33c,1,Scene_Green,6,False
703,822,w608e33c,2,Object_Yellow,1,True
704,823,w608e33c,2,Food_Red,2,True
705,824,w608e33c,2,Scene_Yellow,3,True
706,825,w608e33c,2,Food_Green,4,True
707,826,w608e33c,2,Scene_Green,5,True
708,827,w608e33c,2,Food_Yellow,6,True
709,828,w608e33c,3,Object_Red,1,True
710,829,w608e33c,3,Object_Blue,2,True
711,830,w608e33c,3,Scene_Yellow,3,False
712,831,w608e33c,3,Food_Blue,4,True
713,832,w608e33c,3,Animal_Red,5,True
714,833,w608e33c,3,Animal_Yellow,6,True
715,834,w608e33c,4,Object_Green,1,True
716,835,w608e33c,4,Scene_Red,2,True
717,836,w608e33c,4,Animal_Blue,3,True
718,837,w608e33c,4,Scene_Yellow,4,False
719,838,w608e33c,4,Scene_Blue,5,True
720,839,w608e33c,4,Animal_Green,6,False
721,840,w608e33c,5,Object_Green,1,True
722,841,w608e33c,5,Scene_Yellow,2,True
723,842,w608e33c,5,Scene_Green,3,True
724,843,w608e33c,5,Scene_Red,4,False
725,844,w608e33c,5,Scene_Blue,5,True
726,845,w608e33c,5,Object_Yellow,6,True
727,846,w91e953e,1,Food_Blue,1,True
728,847,w91e953e,1,Scene_Red,2,True
729,848,w91e953e,1,Food_Red,3,True
730,849,w91e953e,1,Object_Blue,4,False
731,850,w91e953e,1,Animal_Blue,5,True
732,851,w91e953e,1,Scene_Yellow,6,False
733,852,w91e953e,2,Animal_Red,1,True
734,853,w91e953e,2,Scene_Red,2,True
735,854,w91e953e,2,Food_Blue,3,False
736,855,w91e953e,2,Animal_Green,4,True
737,856,w91e953e,2,Scene_Green,5,True
738,857,w91e953e,2,Food_Yellow,6,False
739,858,w91e953e,3,Object_Blue,1,True
740,859,w91e953e,3,Animal_Red,2,True
741,860,w91e953e,3,Scene_Red,3,False
742,861,w91e953e,3,Food_Blue,4,True
743,862,w91e953e,3,Object_Yellow,5,True
744,863,w91e953e,3,Animal_Yellow,6,True
745,864,w91e953e,4,Scene_Green,1,True
746,865,w91e953e,4,Scene_Blue,2,True
747,866,w91e953e,4,Object_Yellow,3,True
748,867,w91e953e,4,Object_Green,4,True
749,868,w91e953e,4,Food_Green,5,True
750,869,w91e953e,4,Scene_Yellow,6,True
751,870,w91e953e,5,Object_Blue,1,True
752,871,w91e953e,5,Food_Red,2,True
753,872,w91e953e,5,Object_Red,3,True
754,873,w91e953e,5,Food_Green,4,True
755,874,w91e953e,5,Animal_Green,5,True
756,875,w91e953e,5,Object_Green,6,True
757,876,w8ad52eb,1,Food_Green,1,True
758,877,w8ad52eb,1,Animal_Green,2,True
759,878,w8ad52eb,1,Animal_Blue,3,False
760,879,w8ad52eb,1,Scene_Red,4,True
761,880,w8ad52eb,1,Food_Red,5,True
762,881,w8ad52eb,1,Food_Blue,6,True
763,882,w8ad52eb,2,Food_Green,1,False
764,883,w8ad52eb,2,Object_Yellow,2,True
765,884,w8ad52eb,2,Scene_Green,3,True
766,885,w8ad52eb,2,Animal_Blue,4,True
767,886,w8ad52eb,2,Scene_Blue,5,True
768,887,w8ad52eb,2,Scene_Red,6,False
769,888,w8ad52eb,3,Scene_Yellow,2,True
770,889,w8ad52eb,3,Object_Yellow,3,False
771,890,w8ad52eb,3,Food_Yellow,5,True
772,891,w8ad52eb,4,Food_Green,1,True
773,892,w8ad52eb,4,Object_Green,5,True
774,893,w8ad52eb,5,Scene_Green,1,False
775,894,w8ad52eb,5,Object_Green,2,True
776,895,w8ad52eb,5,Animal_Red,3,False
777,896,w13816ba,1,Food_Red,1,True
778,897,w13816ba,1,Object_Red,2,True
779,898,w13816ba,1,Scene_Blue,3,True
780,899,w13816ba,1,Food_Green,4,True
781,900,w13816ba,1,Scene_Red,5,True
782,901,w13816ba,1,Scene_Green,6,True
783,902,w13816ba,2,Object_Yellow,1,True
784,903,w13816ba,2,Object_Blue,2,True
785,904,w13816ba,2,Food_Yellow,4,True
786,905,w13816ba,2,Food_Green,5,True
787,906,w13816ba,2,Animal_Green,6,True
788,907,w13816ba,3,Animal_Blue,2,True
789,908,w13816ba,3,Animal_Yellow,3,True
790,909,w13816ba,3,Food_Yellow,4,True
791,910,w13816ba,3,Food_Red,5,True
792,911,w13816ba,3,Scene_Yellow,6,True
793,912,w13816ba,4,Animal_Yellow,1,True
794,913,w13816ba,4,Scene_Blue,2,True
795,914,w13816ba,4,Object_Blue,3,True
796,915,w13816ba,4,Animal_Red,4,True
797,916,w13816ba,4,Scene_Yellow,5,True
798,917,w13816ba,4,Animal_Blue,6,True
799,918,w13816ba,5,Object_Red,2,True
800,919,w13816ba,5,Animal_Green,3,True
801,920,w13816ba,5,Scene_Red,5,True
802,921,w13816ba,5,Object_Green,6,True
803,922,w5ef243f,1,Animal_Yellow,1,True
804,923,w5ef243f,1,Food_Blue,2,True
805,924,w5ef243f,1,Food_Red,4,True
806,925,w5ef243f,1,Object_Yellow,5,True
807,926,w5ef243f,1,Food_Yellow,6,True
808,927,w5ef243f,2,Scene_Blue,1,True
809,928,w5ef243f,2,Object_Blue,2,True
810,929,w5ef243f,2,Animal_Red,3,True
811,930,w5ef243f,2,Scene_Red,4,True
812,931,w5ef243f,2,Food_Red,5,False
813,932,w5ef243f,2,Scene_Yellow,6,True
814,933,w5ef243f,3,Food_Red,1,True
815,934,w5ef243f,3,Food_Blue,2,True
816,935,w5ef243f,3,Food_Green,3,True
817,936,w5ef243f,3,Scene_Red,4,True
818,937,w5ef243f,3,Scene_Green,6,True
819,938,w5ef243f,4,Food_Yellow,1,True
820,939,w5ef243f,4,Food_Blue,2,False
821,940,w5ef243f,4,Animal_Green,4,True
822,941,w5ef243f,5,Animal_Blue,2,True
823,942,w5ef243f,5,Object_Yellow,3,False
824,943,w5ef243f,5,Scene_Green,4,True
825,944,w5ef243f,5,Food_Green,5,True
826,945,w5ef243f,5,Scene_Blue,6,True
827,946,wfdd68c1,1,Scene_Yellow,1,False
828,947,wfdd68c1,1,Animal_Green,2,False
829,948,wfdd68c1,1,Object_Green,3,True
830,949,wfdd68c1,1,Food_Blue,4,True
831,950,wfdd68c1,1,Scene_Blue,5,True
832,951,wfdd68c1,1,Food_Yellow,6,True
833,952,wfdd68c1,2,Object_Yellow,1,True
834,953,wfdd68c1,2,Object_Red,2,True
835,954,wfdd68c1,2,Object_Green,3,True
836,955,wfdd68c1,2,Animal_Yellow,4,True
837,956,wfdd68c1,2,Scene_Green,5,True
838,957,wfdd68c1,2,Scene_Yellow,6,True
839,958,wfdd68c1,3,Object_Yellow,1,True
840,959,wfdd68c1,3,Scene_Yellow,2,True
841,960,wfdd68c1,3,Object_Blue,3,False
842,961,wfdd68c1,3,Object_Yellow,4,True
843,962,wfdd68c1,3,Scene_Blue,5,True
844,963,wfdd68c1,3,Scene_Red,6,True
845,964,wfdd68c1,4,Animal_Yellow,1,True
846,965,wfdd68c1,4,Animal_Green,2,True
847,966,wfdd68c1,4,Animal_Red,3,True
848,967,wfdd68c1,4,Food_Red,4,True
849,968,wfdd68c1,4,Food_Green,5,True
850,969,wfdd68c1,4,Scene_Red,6,True
851,970,wfdd68c1,5,Object_Red,1,True
852,971,wfdd68c1,5,Animal_Green,2,True
853,972,wfdd68c1,5,Food_Red,3,True
854,973,wfdd68c1,5,Animal_Blue,4,True
855,974,wfdd68c1,5,Object_Blue,5,True
856,975,wfdd68c1,5,Irrelevant,6,False
857,998,w2b9a138,1,Animal_Blue,1,True
858,999,w2b9a138,1,Object_Green,2,True
859,1000,w2b9a138,1,Scene_Blue,3,True
860,1001,w2b9a138,1,Scene_Green,4,True
861,1002,w2b9a138,1,Object_Yellow,6,True
862,1003,w2b9a138,2,Food_Green,1,True
863,1004,w2b9a138,2,Scene_Red,2,True
864,1005,w2b9a138,2,Scene_Blue,3,True
865,1006,w2b9a138,2,Animal_Red,4,True
866,1007,w2b9a138,2,Scene_Green,5,True
867,1008,w2b9a138,3,Object_Blue,1,True
868,1009,w2b9a138,3,Scene_Yellow,2,True
869,1010,w2b9a138,3,Food_Red,3,False
870,1011,w2b9a138,3,Object_Yellow,4,True
871,1012,w2b9a138,3,Food_Blue,5,True
872,1013,w2b9a138,3,Food_Yellow,6,True
873,1014,w2b9a138,4,Food_Yellow,4,True
874,1015,w2b9a138,4,Animal_Green,5,True
875,1016,w2b9a138,4,Animal_Blue,6,True
876,1017,w2b9a138,5,Food_Blue,1,False
877,1018,w2b9a138,5,Animal_Green,5,True
878,1019,w2b9a138,5,Animal_Blue,6,False
879,1020,wd887970,1,Animal_Blue,1,False
880,1021,wd887970,1,Food_Red,2,True
881,1022,wd887970,1,Object_Red,3,True
882,1023,wd887970,1,Scene_Red,5,True
883,1024,wd887970,2,Animal_Blue,1,True
884,1025,wd887970,2,Scene_Yellow,2,True
885,1026,wd887970,2,Food_Blue,3,True
886,1027,wd887970,2,Animal_Yellow,6,True
887,1028,wd887970,3,Scene_Blue,1,True
888,1029,wd887970,3,Scene_Yellow,2,False
889,1030,wd887970,3,Animal_Blue,3,True
890,1031,wd887970,3,Object_Blue,4,True
891,1032,wd887970,3,Animal_Red,5,True
892,1033,wd887970,3,Animal_Yellow,6,True
893,1034,wd887970,4,Object_Green,1,True
894,1035,wd887970,4,Object_Yellow,2,True
895,1036,wd887970,4,Scene_Green,3,True
896,1037,wd887970,4,Scene_Yellow,4,True
897,1038,wd887970,4,Object_Blue,5,False
898,1039,wd887970,4,Animal_Green,6,True
899,1040,wd887970,5,Object_Yellow,1,True
900,1041,wd887970,5,Object_Blue,2,True
901,1042,wd887970,5,Object_Green,3,True
902,1043,wd887970,5,Food_Green,4,True
903,1044,wd887970,5,Animal_Green,5,True
904,1045,wd887970,5,Food_Yellow,6,True
905,1046,w4b34871,1,Food_Red,1,True
906,1047,w4b34871,1,Scene_Red,2,True
907,1048,w4b34871,1,Object_Blue,3,True
908,1049,w4b34871,1,Object_Green,4,True
909,1050,w4b34871,1,Scene_Blue,5,True
910,1051,w4b34871,1,Food_Yellow,6,False
911,1052,w4b34871,2,Animal_Green,1,True
912,1053,w4b34871,2,Scene_Green,2,True
913,1054,w4b34871,2,Object_Blue,4,True
914,1055,w4b34871,3,Scene_Yellow,5,True
915,1056,w4b34871,3,Food_Yellow,6,True
916,1057,w4b34871,4,Scene_Green,4,True
917,1058,w4b34871,5,Food_Blue,1,True
918,1059,w4b34871,5,Food_Yellow,4,True
919,1060,w4b34871,5,Animal_Yellow,5,True
920,1061,w29215b1,1,Food_Yellow,1,True
921,1062,w29215b1,1,Food_Blue,3,True
922,1063,w29215b1,1,Scene_Blue,4,False
923,1064,w29215b1,1,Scene_Yellow,5,True
924,1065,w29215b1,2,Animal_Red,1,True
925,1066,w29215b1,2,Food_Yellow,2,False
926,1067,w29215b1,2,Food_Blue,3,False
927,1068,w29215b1,2,Object_Blue,4,False
928,1069,w29215b1,2,Scene_Blue,5,True
929,1070,w29215b1,3,Food_Yellow,1,True
930,1071,w29215b1,3,Object_Red,2,True
931,1072,w29215b1,3,Object_Green,3,True
932,1073,w29215b1,3,Scene_Green,4,True
933,1074,w29215b1,3,Scene_Red,5,False
934,1075,w29215b1,4,Animal_Green,1,True
935,1076,w29215b1,4,Object_Green,2,True
936,1077,w29215b1,4,Scene_Green,3,True
937,1078,w29215b1,4,Scene_Red,4,True
938,1079,w29215b1,4,Scene_Blue,5,True
939,1080,w29215b1,4,Object_Blue,6,True
940,1081,w29215b1,5,Food_Blue,1,True
941,1082,w29215b1,5,Object_Red,2,True
942,1083,w29215b1,5,Animal_Red,3,True
943,1084,w29215b1,5,Scene_Blue,4,False
944,1085,w29215b1,5,Scene_Red,5,False
945,1086,wf9cb312,1,Scene_Red,1,True
946,1087,wf9cb312,1,Object_Green,2,True
947,1088,wf9cb312,1,Object_Red,3,True
948,1089,wf9cb312,1,Scene_Blue,4,False
949,1090,wf9cb312,1,Scene_Green,5,True
950,1091,wf9cb312,1,Scene_Yellow,6,True
951,1092,wf9cb312,2,Animal_Red,1,True
952,1093,wf9cb312,2,Scene_Yellow,2,True
953,1094,wf9cb312,2,Animal_Yellow,3,True
954,1095,wf9cb312,2,Object_Yellow,4,True
955,1096,wf9cb312,2,Object_Blue,5,True
956,1097,wf9cb312,2,Object_Red,6,False
957,1098,wf9cb312,3,Food_Yellow,1,True
958,1099,wf9cb312,3,Scene_Blue,2,True
959,1100,wf9cb312,3,Food_Blue,3,True
960,1101,wf9cb312,3,Food_Green,4,True
961,1102,wf9cb312,3,Object_Blue,5,True
962,1103,wf9cb312,3,Scene_Yellow,6,False
963,1104,wf9cb312,4,Scene_Blue,1,False
964,1105,wf9cb312,4,Scene_Red,2,True
965,1106,wf9cb312,4,Animal_Red,3,True
966,1107,wf9cb312,4,Animal_Green,4,True
967,1108,wf9cb312,4,Food_Green,5,True
968,1109,wf9cb312,5,Animal_Red,1,False
969,1110,wf9cb312,5,Animal_Green,2,True
970,1111,wf9cb312,5,Food_Yellow,3,True
971,1112,wf9cb312,5,Object_Yellow,4,True
972,1113,wf9cb312,5,Object_Red,5,True
973,1114,wf9cb312,5,Scene_Red,6,False
974,1115,w2f45fb6,1,Animal_Blue,1,True
975,1116,w2f45fb6,1,Animal_Green,2,True
976,1117,w2f45fb6,1,Scene_Blue,3,True
977,1118,w2f45fb6,2,Food_Blue,1,True
978,1119,w2f45fb6,2,Object_Blue,2,True
979,1120,w2f45fb6,2,Food_Red,3,True
980,1121,w2f45fb6,2,Food_Yellow,4,True
981,1122,w2f45fb6,2,Scene_Yellow,5,True
982,1123,w2f45fb6,3,Object_Green,1,True
983,1124,w2f45fb6,3,Food_Green,2,True
984,1125,w2f45fb6,3,Food_Red,3,True
985,1126,w2f45fb6,3,Food_Yellow,4,True
986,1127,w2f45fb6,3,Animal_Yellow,5,True
987,1128,w2f45fb6,3,Animal_Green,6,True
988,1129,w2f45fb6,4,Scene_Green,1,True
989,1130,w2f45fb6,4,Object_Yellow,2,True
990,1131,w2f45fb6,4,Scene_Yellow,3,True
991,1132,w2f45fb6,4,Object_Red,4,True
992,1133,w2f45fb6,4,Scene_Red,5,True
993,1134,w2f45fb6,4,Animal_Red,6,True
994,1135,w2f45fb6,5,Food_Blue,1,True
995,1136,w2f45fb6,5,Animal_Red,2,True
996,1137,w2f45fb6,5,Object_Green,3,True
997,1138,w2f45fb6,5,Object_Blue,4,True
998,1139,w2f45fb6,5,Animal_Blue,5,True
999,1140,w2f45fb6,5,Object_Red,6,True
1000,1141,wdabae0a,1,Scene_Blue,1,False
1001,1142,wdabae0a,1,Food_Blue,2,True
1002,1143,wdabae0a,1,Animal_Green,3,False
1003,1144,wdabae0a,1,Food_Yellow,4,True
1004,1145,wdabae0a,1,Scene_Red,5,True
1005,1146,wdabae0a,1,Animal_Red,6,True
1006,1147,wdabae0a,2,Object_Green,1,True
1007,1148,wdabae0a,2,Food_Blue,2,True
1008,1149,wdabae0a,2,Scene_Blue,3,True
1009,1150,wdabae0a,2,Animal_Red,4,False
1010,1151,wdabae0a,2,Object_Blue,5,True
1011,1152,wdabae0a,2,Scene_Red,6,True
1012,1153,wdabae0a,3,Scene_Green,1,False
1013,1154,wdabae0a,3,Scene_Blue,2,False
1014,1155,wdabae0a,3,Object_Red,3,True
1015,1156,wdabae0a,3,Animal_Red,4,False
1016,1157,wdabae0a,3,Food_Green,5,True
1017,1158,wdabae0a,3,Object_Yellow,6,True
1018,1159,wdabae0a,4,Scene_Yellow,1,True
1019,1160,wdabae0a,4,Object_Yellow,2,True
1020,1161,wdabae0a,4,Animal_Green,3,True
1021,1162,wdabae0a,4,Scene_Blue,4,True
1022,1163,wdabae0a,4,Animal_Yellow,5,True
1023,1164,wdabae0a,4,Food_Red,6,False
1024,1165,wdabae0a,5,Object_Blue,1,True
1025,1166,wdabae0a,5,Scene_Green,2,False
1026,1167,wdabae0a,5,Food_Red,3,False
1027,1168,w65ed633,1,Object_Green,1,True
1028,1169,w65ed633,1,Food_Yellow,2,True
1029,1170,w65ed633,1,Food_Blue,3,True
1030,1171,w65ed633,1,Scene_Yellow,4,True
1031,1172,w65ed633,1,Object_Yellow,5,True
1032,1173,w65ed633,1,Animal_Yellow,6,False
1033,1174,w65ed633,2,Scene_Blue,1,True
1034,1175,w65ed633,2,Food_Blue,2,True
1035,1176,w65ed633,2,Food_Yellow,3,True
1036,1177,w65ed633,2,Scene_Green,4,True
1037,1178,w65ed633,2,Object_Blue,6,True
1038,1179,w65ed633,3,Food_Red,1,True
1039,1180,w65ed633,3,Animal_Yellow,2,True
1040,1181,w65ed633,3,Object_Red,3,True
1041,1182,w65ed633,3,Animal_Blue,4,True
1042,1183,w65ed633,3,Object_Yellow,5,True
1043,1184,w65ed633,3,Animal_Red,6,True
1044,1185,w65ed633,4,Scene_Red,1,True
1045,1186,w65ed633,4,Scene_Green,2,True
1046,1187,w65ed633,4,Animal_Green,3,True
1047,1188,w65ed633,4,Object_Red,4,True
1048,1189,w65ed633,4,Object_Blue,5,True
1049,1190,w65ed633,4,Object_Green,6,True
1050,1191,w65ed633,5,Animal_Yellow,1,True
1051,1192,w65ed633,5,Animal_Green,2,True
1052,1193,w65ed633,5,Food_Red,3,True
1053,1194,w65ed633,5,Animal_Red,4,True
1054,1195,w65ed633,5,Scene_Red,5,True
1055,1196,w65ed633,5,Food_Green,6,True
1056,1197,wcabe93e,1,Scene_Red,1,True
1057,1198,wcabe93e,1,Object_Yellow,2,True
1058,1199,wcabe93e,1,Food_Green,3,True
1059,1200,wcabe93e,1,Food_Red,4,True
1060,1201,wcabe93e,1,Food_Yellow,5,True
1061,1202,wcabe93e,2,Animal_Blue,1,True
1062,1203,wcabe93e,2,Scene_Green,2,True
1063,1204,wcabe93e,2,Animal_Green,3,True
1064,1205,wcabe93e,2,Object_Blue,4,True
1065,1206,wcabe93e,2,Object_Yellow,5,True
1066,1207,wcabe93e,3,Scene_Red,1,True
1067,1208,wcabe93e,3,Animal_Red,2,True
1068,1209,wcabe93e,3,Scene_Blue,3,True
1069,1210,wcabe93e,3,Animal_Yellow,4,True
1070,1211,wcabe93e,3,Scene_Yellow,5,True
1071,1212,wcabe93e,4,Food_Blue,1,True
1072,1213,wcabe93e,4,Object_Green,2,True
1073,1214,wcabe93e,4,Animal_Green,3,True
1074,1215,wcabe93e,4,Object_Blue,4,True
1075,1216,wcabe93e,5,Animal_Red,1,True
1076,1217,wcabe93e,5,Food_Blue,2,True
1077,1218,wcabe93e,5,Animal_Yellow,3,True
1078,1219,w950a999,1,Scene_Red,1,True
1079,1220,w950a999,1,Animal_Red,2,True
1080,1221,w950a999,1,Scene_Green,3,True
1081,1222,w950a999,1,Scene_Yellow,4,True
1082,1223,w950a999,1,Object_Red,5,True
1083,1224,w950a999,1,Animal_Green,6,False
1084,1225,w950a999,2,Scene_Green,1,False
1085,1226,w950a999,2,Object_Yellow,2,False
1086,1227,w950a999,2,Scene_Yellow,3,True
1087,1228,w950a999,2,Object_Green,4,False
1088,1229,w950a999,2,Food_Blue,5,True
1089,1230,w950a999,2,Scene_Blue,6,True
1090,1231,w950a999,3,Animal_Green,1,True
1091,1232,w950a999,3,Food_Blue,2,False
1092,1233,w950a999,3,Object_Green,3,True
1093,1234,w950a999,3,Food_Red,4,False
1094,1235,w950a999,3,Object_Yellow,5,True
1095,1236,w950a999,3,Food_Yellow,6,True
1096,1237,w950a999,4,Animal_Blue,1,True
1097,1238,w950a999,4,Object_Yellow,2,False
1098,1239,w950a999,4,Food_Red,3,True
1099,1240,w950a999,4,Food_Green,4,True
1100,1241,w950a999,4,Animal_Red,5,True
1101,1242,w950a999,4,Scene_Blue,6,True
1102,1243,w950a999,5,Animal_Blue,1,True
1103,1244,w950a999,5,Animal_Yellow,2,True
1104,1245,w950a999,5,Animal_Red,3,False
1105,1246,w950a999,5,Food_Green,4,True
1106,1247,w950a999,5,Animal_Green,5,True
1107,1248,w950a999,5,Scene_Blue,6,False
1108,1274,w2fdc513,1,Animal_Red,1,True
1109,1275,w2fdc513,1,Scene_Green,3,True
1110,1276,w2fdc513,1,Object_Yellow,4,True
1111,1277,w2fdc513,2,Animal_Blue,1,True
1112,1278,w2fdc513,2,Food_Blue,2,True
1113,1279,w2fdc513,2,Animal_Green,3,True
1114,1280,w2fdc513,2,Food_Green,4,True
1115,1281,w2fdc513,3,Scene_Red,1,True
1116,1282,w2fdc513,3,Scene_Yellow,2,True
1117,1283,w2fdc513,3,Animal_Yellow,3,True
1118,1284,w2fdc513,3,Scene_Blue,4,True
1119,1285,w2fdc513,3,Object_Yellow,5,True
1120,1286,w2fdc513,4,Scene_Red,1,True
1121,1287,w2fdc513,4,Scene_Blue,2,True
1122,1288,w2fdc513,4,Animal_Red,3,True
1123,1289,w2fdc513,4,Object_Yellow,4,False
1124,1290,w2fdc513,4,Food_Blue,5,True
1125,1291,w2fdc513,5,Object_Green,1,True
1126,1292,w2fdc513,5,Scene_Blue,2,False
1127,1293,w2fdc513,5,Food_Green,3,True
1128,1294,w2fdc513,5,Scene_Red,4,False
1129,1295,w0a90f7a,1,Food_Red,1,False
1130,1296,w0a90f7a,1,Food_Yellow,2,False
1131,1297,w0a90f7a,1,Object_Red,3,False
1132,1298,w0a90f7a,1,Scene_Red,4,False
1133,1299,w0a90f7a,1,Object_Yellow,5,True
1134,1300,w0a90f7a,1,Animal_Blue,6,True
1135,1301,w0a90f7a,2,Scene_Red,1,True
1136,1302,w0a90f7a,2,Animal_Green,2,True
1137,1303,w0a90f7a,2,Animal_Blue,3,True
1138,1304,w0a90f7a,2,Scene_Green,4,True
1139,1305,w0a90f7a,2,Animal_Red,5,True
1140,1306,w0a90f7a,2,Object_Yellow,6,False
1141,1307,w0a90f7a,3,Animal_Red,1,True
1142,1308,w0a90f7a,3,Scene_Red,2,False
1143,1309,w0a90f7a,3,Food_Red,3,True
1144,1310,w0a90f7a,3,Scene_Green,4,False
1145,1311,w0a90f7a,4,Food_Green,1,True
1146,1312,w0a90f7a,4,Scene_Yellow,2,True
1147,1313,w0a90f7a,4,Animal_Yellow,3,True
1148,1314,w0a90f7a,4,Scene_Red,4,True
1149,1315,w0a90f7a,4,Scene_Green,5,True
1150,1316,w0a90f7a,5,Object_Yellow,1,True
1151,1317,w0a90f7a,5,Scene_Red,2,False
1152,1318,w0a90f7a,5,Object_Green,3,False
1153,1319,w0a90f7a,5,Animal_Yellow,4,False
1154,1320,w0a90f7a,5,Food_Green,5,False
1155,1321,w0a90f7a,5,Object_Red,6,False
1156,1322,w1ad74ca,1,Scene_Blue,1,True
1157,1323,w1ad74ca,1,Food_Blue,2,True
1158,1324,w1ad74ca,1,Scene_Red,3,True
1159,1325,w1ad74ca,1,Food_Red,4,True
1160,1326,w1ad74ca,1,Food_Yellow,5,True
1161,1327,w1ad74ca,2,Scene_Green,1,True
1162,1328,w1ad74ca,2,Object_Red,2,True
1163,1329,w1ad74ca,2,Animal_Red,3,True
1164,1330,w1ad74ca,2,Animal_Yellow,4,True
1165,1331,w1ad74ca,2,Animal_Green,5,True
1166,1332,w1ad74ca,3,Scene_Yellow,1,True
1167,1333,w1ad74ca,3,Animal_Blue,2,True
1168,1334,w1ad74ca,3,Object_Yellow,3,True
1169,1335,w1ad74ca,3,Animal_Yellow,4,True
1170,1336,w1ad74ca,3,Scene_Green,5,True
1171,1337,w1ad74ca,3,Scene_Blue,6,True
1172,1338,w1ad74ca,4,Object_Yellow,1,True
1173,1339,w1ad74ca,4,Food_Yellow,2,True
1174,1340,w1ad74ca,4,Scene_Yellow,3,True
1175,1341,w1ad74ca,4,Object_Green,4,True
1176,1342,w1ad74ca,5,Animal_Blue,1,True
1177,1343,w1ad74ca,5,Food_Blue,2,True
1178,1344,w1ad74ca,5,Scene_Yellow,3,False
1179,1345,w1ad74ca,5,Food_Red,4,True
1180,1346,w1ad74ca,5,Food_Yellow,5,False
1181,1347,wae959a9,1,Animal_Yellow,3,True
1182,1348,wae959a9,1,Food_Green,5,False
1183,1349,wae959a9,1,Scene_Red,6,True
1184,1350,wae959a9,2,Food_Red,1,True
1185,1351,wae959a9,2,Animal_Blue,6,True
1186,1352,wae959a9,3,Object_Red,6,True
1187,1353,wae959a9,4,Object_Blue,2,True
1188,1354,wae959a9,4,Object_Red,3,True
1189,1355,wae959a9,5,Object_Green,3,True
1190,1356,wae959a9,5,Food_Yellow,6,True
