,wid,game,item,recalled,outcome,remembered_outcome,outcome_mem_difference,dimension_shown
0,w04c1659,1,Food_Blue,True,-3,6.0,-9.0,True
1,w04c1659,1,Food_Red,True,6,3.0,3.0,False
2,w04c1659,1,Object_Red,True,-7,5.0,-12.0,False
3,w04c1659,1,Scene_Blue,True,8,3.0,5.0,True
4,w04c1659,1,Scene_Red,True,4,-9.0,13.0,False
5,w04c1659,1,Scene_Yellow,False,-9,-6.0,-3.0,False
6,w04c1659,2,Animal_Red,False,-7,5.0,-12.0,False
7,w04c1659,2,Food_Green,True,-5,5.0,-10.0,True
8,w04c1659,2,Food_Red,True,3,3.0,0.0,True
9,w04c1659,2,Food_Yellow,False,4,9.0,-5.0,True
10,w04c1659,2,Object_Red,False,6,3.0,3.0,False
11,w04c1659,2,Object_Yellow,True,-8,-2.0,-6.0,False
12,w04c1659,3,Animal_Blue,False,-8,3.0,-11.0,False
13,w04c1659,3,Animal_Green,True,7,-7.0,14.0,True
14,w04c1659,3,Animal_Yellow,True,5,-3.0,8.0,False
15,w04c1659,3,Object_Blue,False,9,-3.0,12.0,False
16,w04c1659,3,Object_Green,True,-6,9.0,-15.0,True
17,w04c1659,3,Scene_Green,True,-4,8.0,-12.0,True
18,w04c1659,4,Animal_Yellow,True,-3,5.0,-8.0,False
19,w04c1659,4,Food_Blue,True,6,-3.0,9.0,True
20,w04c1659,4,Food_Green,False,-9,-6.0,-3.0,True
21,w04c1659,4,Food_Yellow,True,5,4.0,1.0,True
22,w04c1659,4,Scene_Green,True,7,7.0,0.0,False
23,w04c1659,4,Scene_Yellow,True,-4,-8.0,4.0,False
24,w04c1659,5,Animal_Blue,False,4,5.0,-1.0,True
25,w04c1659,5,Animal_Green,True,-6,3.0,-9.0,True
26,w04c1659,5,Animal_Red,True,3,-5.0,8.0,True
27,w04c1659,5,Object_Blue,True,-7,-4.0,-3.0,False
28,w04c1659,5,Scene_Blue,True,5,6.0,-1.0,False
29,w04c1659,5,Scene_Red,True,-1,-8.0,7.0,False
30,w0a90f7a,1,Animal_Blue,True,-4,-6.0,2.0,True
31,w0a90f7a,1,Animal_Yellow,False,6,4.0,2.0,True
32,w0a90f7a,1,Food_Blue,False,-3,5.0,-8.0,False
33,w0a90f7a,1,Object_Blue,False,5,4.0,1.0,False
34,w0a90f7a,1,Object_Green,False,7,3.0,4.0,False
35,w0a90f7a,1,Object_Yellow,True,-8,-3.0,-5.0,False
36,w0a90f7a,2,Animal_Blue,True,6,-6.0,12.0,False
37,w0a90f7a,2,Animal_Green,True,5,4.0,1.0,False
38,w0a90f7a,2,Animal_Red,True,-7,6.0,-13.0,False
39,w0a90f7a,2,Object_Red,False,-8,-5.0,-3.0,False
40,w0a90f7a,2,Scene_Green,True,-4,4.0,-8.0,True
41,w0a90f7a,2,Scene_Red,True,9,9.0,0.0,True
42,w0a90f7a,3,Animal_Red,True,8,6.0,2.0,True
43,w0a90f7a,3,Food_Green,False,-6,5.0,-11.0,False
44,w0a90f7a,3,Food_Red,True,7,-6.0,13.0,True
45,w0a90f7a,3,Food_Yellow,False,-2,4.0,-6.0,False
46,w0a90f7a,3,Object_Green,False,5,4.0,1.0,False
47,w0a90f7a,3,Object_Red,False,-9,-9.0,0.0,True
48,w0a90f7a,4,Animal_Green,False,9,4.0,5.0,False
49,w0a90f7a,4,Animal_Yellow,True,-6,-4.0,-2.0,True
50,w0a90f7a,4,Food_Green,True,-2,-2.0,0.0,False
51,w0a90f7a,4,Scene_Green,True,-8,6.0,-14.0,False
52,w0a90f7a,4,Scene_Red,True,5,9.0,-4.0,False
53,w0a90f7a,4,Scene_Yellow,True,4,5.0,-1.0,True
54,w0a90f7a,5,Food_Blue,False,-3,6.0,-9.0,True
55,w0a90f7a,5,Food_Red,False,9,-6.0,15.0,False
56,w0a90f7a,5,Food_Yellow,False,-7,4.0,-11.0,False
57,w0a90f7a,5,Object_Yellow,True,8,-4.0,12.0,False
58,w0a90f7a,5,Scene_Blue,False,6,6.0,0.0,True
59,w0a90f7a,5,Scene_Yellow,False,-4,4.0,-8.0,False
60,w13816ba,1,Food_Green,True,-2,-2.0,0.0,False
61,w13816ba,1,Food_Red,True,5,5.0,0.0,False
62,w13816ba,1,Object_Red,True,-9,-9.0,0.0,True
63,w13816ba,1,Scene_Blue,True,-7,-9.0,2.0,False
64,w13816ba,1,Scene_Green,True,4,5.0,-1.0,False
65,w13816ba,1,Scene_Red,True,6,9.0,-3.0,False
66,w13816ba,2,Animal_Green,True,9,6.0,3.0,False
67,w13816ba,2,Food_Green,True,-6,-9.0,3.0,False
68,w13816ba,2,Food_Yellow,True,1,1.0,0.0,False
69,w13816ba,2,Object_Blue,True,8,9.0,-1.0,True
70,w13816ba,2,Object_Green,False,-7,-9.0,2.0,True
71,w13816ba,2,Object_Yellow,True,-2,-2.0,0.0,True
72,w13816ba,3,Animal_Blue,True,1,1.0,0.0,True
73,w13816ba,3,Animal_Yellow,True,-6,-5.0,-1.0,True
74,w13816ba,3,Food_Blue,False,-7,-5.0,-2.0,False
75,w13816ba,3,Food_Red,True,9,9.0,0.0,False
76,w13816ba,3,Food_Yellow,True,-4,-4.0,0.0,False
77,w13816ba,3,Scene_Yellow,True,8,9.0,-1.0,False
78,w13816ba,4,Animal_Blue,True,-6,-9.0,3.0,True
79,w13816ba,4,Animal_Red,True,-3,3.0,-6.0,False
80,w13816ba,4,Animal_Yellow,True,7,8.0,-1.0,False
81,w13816ba,4,Object_Blue,True,2,1.0,1.0,True
82,w13816ba,4,Scene_Blue,True,5,5.0,0.0,True
83,w13816ba,4,Scene_Yellow,True,-4,-4.0,0.0,False
84,w13816ba,5,Animal_Green,True,7,9.0,-2.0,True
85,w13816ba,5,Object_Green,True,6,5.0,1.0,True
86,w13816ba,5,Object_Red,True,-3,-3.0,0.0,False
87,w13816ba,5,Object_Yellow,False,-5,-3.0,-2.0,False
88,w13816ba,5,Scene_Green,False,-8,-8.0,0.0,True
89,w13816ba,5,Scene_Red,True,2,3.0,-1.0,False
90,w192a97f,1,Animal_Green,True,8,-3.0,11.0,False
91,w192a97f,1,Animal_Red,False,-6,-7.0,1.0,True
92,w192a97f,1,Animal_Yellow,True,-3,3.0,-6.0,False
93,w192a97f,1,Object_Red,False,-7,-9.0,2.0,True
94,w192a97f,1,Object_Yellow,True,1,4.0,-3.0,False
95,w192a97f,1,Scene_Red,True,9,-9.0,18.0,True
96,w192a97f,2,Food_Green,False,-9,-5.0,-4.0,True
97,w192a97f,2,Food_Yellow,True,5,5.0,0.0,True
98,w192a97f,2,Object_Blue,True,-3,-3.0,0.0,False
99,w192a97f,2,Object_Green,True,4,-4.0,8.0,False
100,w192a97f,2,Object_Yellow,True,-2,-2.0,0.0,False
101,w192a97f,2,Scene_Green,False,6,-1.0,7.0,False
102,w192a97f,3,Animal_Yellow,True,-3,3.0,-6.0,False
103,w192a97f,3,Food_Blue,True,2,-2.0,4.0,True
104,w192a97f,3,Food_Red,True,6,6.0,0.0,False
105,w192a97f,3,Food_Yellow,True,-7,-7.0,0.0,False
106,w192a97f,3,Scene_Blue,True,-9,-9.0,0.0,True
107,w192a97f,3,Scene_Yellow,True,8,8.0,0.0,False
108,w192a97f,4,Animal_Blue,False,4,4.0,0.0,True
109,w192a97f,4,Animal_Green,True,-6,-5.0,-1.0,True
110,w192a97f,4,Food_Green,True,-5,-5.0,0.0,False
111,w192a97f,4,Scene_Blue,True,-9,-9.0,0.0,False
112,w192a97f,4,Scene_Green,True,8,-2.0,10.0,False
113,w192a97f,4,Scene_Yellow,True,3,3.0,0.0,False
114,w192a97f,5,Animal_Blue,True,8,7.0,1.0,False
115,w192a97f,5,Food_Blue,True,-6,-6.0,0.0,False
116,w192a97f,5,Food_Red,True,3,3.0,0.0,True
117,w192a97f,5,Object_Blue,True,-4,-4.0,0.0,False
118,w192a97f,5,Object_Green,True,9,9.0,0.0,False
119,w192a97f,5,Object_Red,True,-7,-7.0,0.0,True
120,w1ad74ca,1,Animal_Red,False,-2,-2.0,0.0,False
121,w1ad74ca,1,Food_Blue,True,6,5.0,1.0,True
122,w1ad74ca,1,Food_Red,True,-7,2.0,-9.0,True
123,w1ad74ca,1,Food_Yellow,True,5,-4.0,9.0,True
124,w1ad74ca,1,Scene_Blue,True,-4,-5.0,1.0,False
125,w1ad74ca,1,Scene_Red,True,8,8.0,0.0,False
126,w1ad74ca,2,Animal_Green,True,-4,4.0,-8.0,False
127,w1ad74ca,2,Animal_Red,True,-6,-5.0,-1.0,True
128,w1ad74ca,2,Animal_Yellow,True,9,8.0,1.0,False
129,w1ad74ca,2,Object_Red,True,8,3.0,5.0,True
130,w1ad74ca,2,Scene_Green,True,1,1.0,0.0,False
131,w1ad74ca,2,Scene_Red,False,-5,-6.0,1.0,True
132,w1ad74ca,3,Animal_Blue,True,-1,-1.0,0.0,False
133,w1ad74ca,3,Animal_Yellow,True,6,8.0,-2.0,False
134,w1ad74ca,3,Object_Yellow,True,4,3.0,1.0,False
135,w1ad74ca,3,Scene_Blue,True,8,-6.0,14.0,True
136,w1ad74ca,3,Scene_Green,True,-2,1.0,-3.0,True
137,w1ad74ca,3,Scene_Yellow,True,-7,-8.0,1.0,True
138,w1ad74ca,4,Food_Green,False,-2,-1.0,-1.0,False
139,w1ad74ca,4,Food_Yellow,True,8,8.0,0.0,False
140,w1ad74ca,4,Object_Blue,False,3,5.0,-2.0,False
141,w1ad74ca,4,Object_Green,True,6,2.0,4.0,False
142,w1ad74ca,4,Object_Yellow,True,-7,-8.0,1.0,False
143,w1ad74ca,4,Scene_Yellow,True,-5,-8.0,3.0,True
144,w1ad74ca,5,Animal_Blue,True,-9,-8.0,-1.0,False
145,w1ad74ca,5,Food_Blue,True,4,6.0,-2.0,False
146,w1ad74ca,5,Food_Red,True,-1,-1.0,0.0,True
147,w1ad74ca,5,Object_Blue,False,6,4.0,2.0,False
148,w1ad74ca,5,Object_Green,False,-7,-3.0,-4.0,False
149,w1ad74ca,5,Object_Red,False,3,2.0,1.0,True
150,w29215b1,1,Food_Blue,True,-9,4.0,-13.0,False
151,w29215b1,1,Food_Green,False,8,-3.0,11.0,False
152,w29215b1,1,Food_Yellow,True,6,-3.0,9.0,False
153,w29215b1,1,Object_Blue,False,4,2.0,2.0,False
154,w29215b1,1,Object_Yellow,False,-3,-5.0,2.0,False
155,w29215b1,1,Scene_Yellow,True,-5,4.0,-9.0,True
156,w29215b1,2,Animal_Blue,False,-8,-3.0,-5.0,False
157,w29215b1,2,Animal_Red,True,7,-8.0,15.0,False
158,w29215b1,2,Animal_Yellow,False,3,2.0,1.0,False
159,w29215b1,2,Food_Red,False,-2,5.0,-7.0,False
160,w29215b1,2,Scene_Blue,True,4,-4.0,8.0,True
161,w29215b1,2,Scene_Red,False,-6,-4.0,-2.0,True
162,w29215b1,3,Food_Yellow,True,5,-5.0,10.0,False
163,w29215b1,3,Object_Green,True,-6,-3.0,-3.0,True
164,w29215b1,3,Object_Red,True,8,-8.0,16.0,True
165,w29215b1,3,Object_Yellow,False,-4,-4.0,0.0,True
166,w29215b1,3,Scene_Green,True,1,1.0,0.0,False
167,w29215b1,3,Scene_Yellow,False,-2,-4.0,2.0,False
168,w29215b1,4,Animal_Green,True,4,-4.0,8.0,False
169,w29215b1,4,Object_Blue,True,-1,-1.0,0.0,True
170,w29215b1,4,Object_Green,True,5,-5.0,10.0,False
171,w29215b1,4,Scene_Blue,True,9,-6.0,15.0,True
172,w29215b1,4,Scene_Green,True,-7,-7.0,0.0,False
173,w29215b1,4,Scene_Red,True,-6,9.0,-15.0,False
174,w29215b1,5,Animal_Blue,False,6,-6.0,12.0,False
175,w29215b1,5,Animal_Green,False,4,4.0,0.0,False
176,w29215b1,5,Animal_Red,True,-7,-5.0,-2.0,False
177,w29215b1,5,Food_Blue,True,-9,-9.0,0.0,False
178,w29215b1,5,Food_Red,False,8,-5.0,13.0,False
179,w29215b1,5,Object_Red,True,-5,-5.0,0.0,True
180,w2b9a138,1,Animal_Blue,True,8,6.0,2.0,False
181,w2b9a138,1,Object_Blue,False,-4,-4.0,0.0,False
182,w2b9a138,1,Object_Green,True,-3,-9.0,6.0,False
183,w2b9a138,1,Object_Yellow,True,6,8.0,-2.0,False
184,w2b9a138,1,Scene_Blue,True,-5,5.0,-10.0,True
185,w2b9a138,1,Scene_Green,True,9,8.0,1.0,True
186,w2b9a138,2,Animal_Red,True,-8,-8.0,0.0,True
187,w2b9a138,2,Food_Green,True,-6,-3.0,-3.0,False
188,w2b9a138,2,Food_Red,False,2,-2.0,4.0,True
189,w2b9a138,2,Scene_Blue,True,-9,-6.0,-3.0,False
190,w2b9a138,2,Scene_Green,True,3,6.0,-3.0,False
191,w2b9a138,2,Scene_Red,True,7,7.0,0.0,True
192,w2b9a138,3,Food_Blue,True,5,-3.0,8.0,False
193,w2b9a138,3,Food_Yellow,True,-8,2.0,-10.0,True
194,w2b9a138,3,Object_Blue,True,-3,-3.0,0.0,False
195,w2b9a138,3,Object_Red,False,7,-6.0,13.0,False
196,w2b9a138,3,Object_Yellow,True,-6,-8.0,2.0,True
197,w2b9a138,3,Scene_Yellow,True,9,9.0,0.0,True
198,w2b9a138,4,Animal_Blue,True,-3,-3.0,0.0,False
199,w2b9a138,4,Animal_Green,True,6,-4.0,10.0,False
200,w2b9a138,4,Food_Blue,False,9,7.0,2.0,True
201,w2b9a138,4,Food_Green,False,-7,-9.0,2.0,True
202,w2b9a138,4,Food_Yellow,True,-5,-6.0,1.0,True
203,w2b9a138,4,Object_Green,False,4,5.0,-1.0,False
204,w2b9a138,5,Animal_Green,True,-5,-6.0,1.0,True
205,w2b9a138,5,Animal_Red,False,4,4.0,0.0,False
206,w2b9a138,5,Animal_Yellow,False,2,5.0,-3.0,False
207,w2b9a138,5,Object_Red,False,-9,3.0,-12.0,False
208,w2b9a138,5,Scene_Red,False,7,8.0,-1.0,False
209,w2b9a138,5,Scene_Yellow,False,-6,2.0,-8.0,False
210,w2d4c98d,1,Animal_Green,True,-5,,,False
211,w2d4c98d,1,Animal_Red,True,1,,,False
212,w2d4c98d,1,Food_Green,True,8,,,False
213,w2d4c98d,1,Object_Blue,True,9,,,True
214,w2d4c98d,1,Object_Green,True,-7,,,False
215,w2d4c98d,1,Object_Red,True,-3,,,False
216,w2d4c98d,2,Animal_Blue,True,4,4.0,0.0,True
217,w2d4c98d,2,Object_Blue,False,-7,9.0,-16.0,False
218,w2d4c98d,2,Object_Green,True,9,9.0,0.0,False
219,w2d4c98d,2,Object_Red,True,-3,-3.0,0.0,False
220,w2d4c98d,2,Scene_Blue,True,5,5.0,0.0,False
221,w2d4c98d,2,Scene_Green,True,-6,-6.0,0.0,False
222,w2d4c98d,3,Animal_Blue,True,-1,-1.0,0.0,False
223,w2d4c98d,3,Animal_Yellow,True,7,7.0,0.0,False
224,w2d4c98d,3,Food_Blue,True,9,9.0,0.0,False
225,w2d4c98d,3,Food_Green,True,-5,-5.0,0.0,True
226,w2d4c98d,3,Food_Yellow,True,-8,-8.0,0.0,False
227,w2d4c98d,3,Object_Yellow,True,4,4.0,0.0,False
228,w2d4c98d,4,Animal_Red,True,6,6.0,0.0,False
229,w2d4c98d,4,Animal_Yellow,True,-9,-9.0,0.0,True
230,w2d4c98d,4,Food_Red,True,-2,-2.0,0.0,False
231,w2d4c98d,4,Scene_Green,True,3,3.0,0.0,False
232,w2d4c98d,4,Scene_Red,True,-5,-5.0,0.0,False
233,w2d4c98d,4,Scene_Yellow,True,4,4.0,0.0,True
234,w2d4c98d,5,Food_Red,True,1,1.0,0.0,False
235,w2d4c98d,5,Food_Yellow,True,-9,-8.0,-1.0,False
236,w2d4c98d,5,Object_Yellow,True,6,8.0,-2.0,False
237,w2d4c98d,5,Scene_Blue,True,-2,-2.0,0.0,True
238,w2d4c98d,5,Scene_Red,True,-7,-7.0,0.0,True
239,w2d4c98d,5,Scene_Yellow,True,8,8.0,0.0,True
240,w2f45fb6,1,Animal_Blue,True,3,7.0,-4.0,False
241,w2f45fb6,1,Animal_Green,True,-4,9.0,-13.0,False
242,w2f45fb6,1,Animal_Yellow,False,2,,,False
243,w2f45fb6,1,Food_Green,False,-8,,,True
244,w2f45fb6,1,Scene_Blue,True,-6,-7.0,1.0,False
245,w2f45fb6,1,Scene_Green,False,9,,,False
246,w2f45fb6,2,Food_Blue,True,6,8.0,-2.0,False
247,w2f45fb6,2,Food_Red,True,7,6.0,1.0,False
248,w2f45fb6,2,Food_Yellow,True,-8,-8.0,0.0,False
249,w2f45fb6,2,Object_Blue,True,-4,-4.0,0.0,False
250,w2f45fb6,2,Object_Yellow,False,9,,,False
251,w2f45fb6,2,Scene_Yellow,True,-2,-1.0,-1.0,True
252,w2f45fb6,3,Animal_Green,True,-4,-3.0,-1.0,True
253,w2f45fb6,3,Animal_Yellow,True,5,5.0,0.0,True
254,w2f45fb6,3,Food_Green,True,-6,-6.0,0.0,False
255,w2f45fb6,3,Food_Red,True,8,8.0,0.0,False
256,w2f45fb6,3,Food_Yellow,True,-3,-2.0,-1.0,False
257,w2f45fb6,3,Object_Green,True,9,9.0,0.0,False
258,w2f45fb6,4,Animal_Red,True,6,6.0,0.0,False
259,w2f45fb6,4,Object_Red,True,-3,-2.0,-1.0,False
260,w2f45fb6,4,Object_Yellow,True,4,4.0,0.0,False
261,w2f45fb6,4,Scene_Green,True,9,8.0,1.0,True
262,w2f45fb6,4,Scene_Red,True,-5,-5.0,0.0,True
263,w2f45fb6,4,Scene_Yellow,True,-7,-7.0,0.0,True
264,w2f45fb6,5,Animal_Blue,True,2,2.0,0.0,False
265,w2f45fb6,5,Animal_Red,True,-3,-4.0,1.0,False
266,w2f45fb6,5,Food_Blue,True,7,6.0,1.0,False
267,w2f45fb6,5,Object_Blue,True,-8,-8.0,0.0,True
268,w2f45fb6,5,Object_Green,True,-4,-4.0,0.0,True
269,w2f45fb6,5,Object_Red,True,9,8.0,1.0,True
270,w2fdc513,1,Animal_Green,False,-7,-5.0,-2.0,True
271,w2fdc513,1,Animal_Red,True,8,-3.0,11.0,True
272,w2fdc513,1,Animal_Yellow,False,-6,-4.0,-2.0,True
273,w2fdc513,1,Object_Yellow,True,9,8.0,1.0,False
274,w2fdc513,1,Scene_Green,True,3,2.0,1.0,False
275,w2fdc513,1,Scene_Yellow,False,-4,5.0,-9.0,False
276,w2fdc513,2,Animal_Blue,True,-6,-5.0,-1.0,False
277,w2fdc513,2,Animal_Green,True,9,6.0,3.0,True
278,w2fdc513,2,Food_Blue,True,4,4.0,0.0,False
279,w2fdc513,2,Food_Green,True,-2,3.0,-5.0,True
280,w2fdc513,2,Food_Yellow,False,-3,3.0,-6.0,False
281,w2fdc513,2,Object_Blue,False,5,-2.0,7.0,False
282,w2fdc513,3,Animal_Blue,False,-1,-2.0,1.0,True
283,w2fdc513,3,Animal_Yellow,True,3,8.0,-5.0,False
284,w2fdc513,3,Object_Yellow,True,-6,-8.0,2.0,False
285,w2fdc513,3,Scene_Blue,True,7,5.0,2.0,True
286,w2fdc513,3,Scene_Red,True,-8,-4.0,-4.0,False
287,w2fdc513,3,Scene_Yellow,True,4,4.0,0.0,False
288,w2fdc513,4,Animal_Red,True,-8,-8.0,0.0,True
289,w2fdc513,4,Food_Blue,True,7,4.0,3.0,False
290,w2fdc513,4,Food_Red,False,4,-3.0,7.0,False
291,w2fdc513,4,Food_Yellow,False,-9,-9.0,0.0,False
292,w2fdc513,4,Scene_Blue,True,-3,-2.0,-1.0,False
293,w2fdc513,4,Scene_Red,True,6,8.0,-2.0,False
294,w2fdc513,5,Food_Green,True,4,4.0,0.0,False
295,w2fdc513,5,Food_Red,False,-5,-3.0,-2.0,False
296,w2fdc513,5,Object_Blue,False,-9,-8.0,-1.0,False
297,w2fdc513,5,Object_Green,True,6,5.0,1.0,False
298,w2fdc513,5,Object_Red,False,8,-7.0,15.0,False
299,w2fdc513,5,Scene_Green,False,-7,6.0,-13.0,True
300,w3946928,1,Animal_Blue,True,3,4.0,-1.0,False
301,w3946928,1,Animal_Green,True,6,5.0,1.0,True
302,w3946928,1,Animal_Yellow,True,-7,-7.0,0.0,False
303,w3946928,1,Food_Yellow,True,-8,-8.0,0.0,False
304,w3946928,1,Scene_Blue,True,-4,-6.0,2.0,False
305,w3946928,1,Scene_Yellow,False,9,6.0,3.0,False
306,w3946928,2,Animal_Red,True,6,-6.0,12.0,True
307,w3946928,2,Food_Green,False,9,-5.0,14.0,False
308,w3946928,2,Food_Red,False,-3,6.0,-9.0,False
309,w3946928,2,Object_Blue,False,7,5.0,2.0,False
310,w3946928,2,Object_Green,False,-4,4.0,-8.0,False
311,w3946928,2,Object_Red,True,-5,-6.0,1.0,False
312,w3946928,3,Food_Blue,False,-8,-7.0,-1.0,False
313,w3946928,3,Food_Red,True,9,8.0,1.0,False
314,w3946928,3,Food_Yellow,True,-3,-6.0,3.0,False
315,w3946928,3,Object_Blue,False,7,4.0,3.0,True
316,w3946928,3,Object_Yellow,True,-2,-3.0,1.0,True
317,w3946928,3,Scene_Yellow,True,4,4.0,0.0,False
318,w3946928,4,Animal_Green,True,-7,7.0,-14.0,True
319,w3946928,4,Animal_Red,False,9,-6.0,15.0,True
320,w3946928,4,Animal_Yellow,False,-3,-5.0,2.0,True
321,w3946928,4,Object_Green,False,6,-1.0,7.0,False
322,w3946928,4,Scene_Green,False,4,4.0,0.0,False
323,w3946928,4,Scene_Red,True,-5,3.0,-8.0,False
324,w3946928,5,Animal_Blue,True,-2,4.0,-6.0,False
325,w3946928,5,Food_Blue,False,8,8.0,0.0,True
326,w3946928,5,Food_Green,False,-4,2.0,-6.0,True
327,w3946928,5,Scene_Blue,False,-7,3.0,-10.0,False
328,w3946928,5,Scene_Green,True,5,5.0,0.0,False
329,w3946928,5,Scene_Red,True,3,3.0,0.0,False
330,w47f6859,1,Animal_Blue,True,8,3.0,5.0,False
331,w47f6859,1,Animal_Green,True,-9,7.0,-16.0,False
332,w47f6859,1,Food_Blue,False,-6,-8.0,2.0,True
333,w47f6859,1,Food_Green,False,7,7.0,0.0,True
334,w47f6859,1,Food_Red,True,-2,-2.0,0.0,True
335,w47f6859,1,Object_Green,True,3,-2.0,5.0,False
336,w47f6859,2,Animal_Red,True,6,7.0,-1.0,False
337,w47f6859,2,Food_Blue,False,8,4.0,4.0,False
338,w47f6859,2,Food_Red,True,-7,8.0,-15.0,False
339,w47f6859,2,Food_Yellow,True,-3,-2.0,-1.0,False
340,w47f6859,2,Scene_Blue,True,-9,9.0,-18.0,True
341,w47f6859,2,Scene_Red,True,4,4.0,0.0,True
342,w47f6859,3,Food_Green,True,-7,-7.0,0.0,False
343,w47f6859,3,Object_Green,False,-6,-6.0,0.0,False
344,w47f6859,3,Object_Red,False,3,9.0,-6.0,False
345,w47f6859,3,Object_Yellow,True,5,,,False
346,w47f6859,3,Scene_Green,True,9,9.0,0.0,True
347,w47f6859,3,Scene_Yellow,True,-1,-1.0,0.0,True
348,w47f6859,4,Animal_Blue,True,9,-8.0,17.0,False
349,w47f6859,4,Animal_Green,False,-5,4.0,-9.0,False
350,w47f6859,4,Object_Blue,True,-6,-6.0,0.0,True
351,w47f6859,4,Scene_Blue,False,-8,-8.0,0.0,False
352,w47f6859,4,Scene_Green,False,7,-7.0,14.0,False
353,w47f6859,4,Scene_Yellow,True,2,2.0,0.0,False
354,w47f6859,5,Animal_Red,False,-5,9.0,-14.0,False
355,w47f6859,5,Animal_Yellow,False,2,,,False
356,w47f6859,5,Food_Yellow,False,3,-2.0,5.0,False
357,w47f6859,5,Object_Blue,False,-7,-3.0,-4.0,True
358,w47f6859,5,Object_Red,False,9,9.0,0.0,False
359,w47f6859,5,Object_Yellow,True,-4,-7.0,3.0,False
360,w488be27,1,Animal_Yellow,True,2,2.0,0.0,False
361,w488be27,1,Object_Blue,True,-6,-6.0,0.0,True
362,w488be27,1,Object_Green,True,7,7.0,0.0,False
363,w488be27,1,Object_Yellow,False,-5,-5.0,0.0,False
364,w488be27,1,Scene_Green,True,-1,-1.0,0.0,False
365,w488be27,1,Scene_Yellow,True,4,,,False
366,w488be27,2,Animal_Blue,False,-4,,,True
367,w488be27,2,Animal_Red,True,3,6.0,-3.0,True
368,w488be27,2,Food_Blue,True,-7,-7.0,0.0,False
369,w488be27,2,Object_Blue,True,8,7.0,1.0,False
370,w488be27,2,Object_Green,False,6,,,False
371,w488be27,2,Object_Red,False,-9,,,False
372,w488be27,3,Food_Yellow,False,4,4.0,0.0,False
373,w488be27,3,Object_Red,True,2,,,True
374,w488be27,3,Object_Yellow,False,-7,-7.0,0.0,False
375,w488be27,3,Scene_Blue,False,-5,5.0,-10.0,False
376,w488be27,3,Scene_Red,False,-3,-1.0,-2.0,True
377,w488be27,3,Scene_Yellow,False,6,-2.0,8.0,False
378,w488be27,4,Animal_Blue,False,6,,,False
379,w488be27,4,Animal_Green,True,-8,-8.0,0.0,False
380,w488be27,4,Animal_Yellow,False,3,,,False
381,w488be27,4,Food_Blue,False,-5,,,True
382,w488be27,4,Food_Green,False,9,6.0,3.0,True
383,w488be27,4,Scene_Blue,True,-4,-5.0,1.0,False
384,w488be27,5,Animal_Green,False,7,,,False
385,w488be27,5,Food_Green,False,8,,,False
386,w488be27,5,Food_Red,True,-6,6.0,-12.0,True
387,w488be27,5,Food_Yellow,False,-5,,,False
388,w488be27,5,Scene_Green,False,-9,,,False
389,w488be27,5,Scene_Red,False,3,,,True
390,w4a643e0,1,Animal_Green,False,9,-8.0,17.0,True
391,w4a643e0,1,Object_Blue,False,8,-4.0,12.0,False
392,w4a643e0,1,Object_Green,True,-7,4.0,-11.0,False
393,w4a643e0,1,Object_Yellow,True,-4,7.0,-11.0,False
394,w4a643e0,1,Scene_Green,True,-5,-5.0,0.0,False
395,w4a643e0,1,Scene_Yellow,True,1,2.0,-1.0,False
396,w4a643e0,2,Animal_Blue,True,-6,3.0,-9.0,True
397,w4a643e0,2,Food_Blue,True,-4,-4.0,0.0,True
398,w4a643e0,2,Food_Green,True,3,8.0,-5.0,False
399,w4a643e0,2,Food_Red,True,2,-4.0,6.0,False
400,w4a643e0,2,Scene_Blue,True,8,-1.0,9.0,True
401,w4a643e0,2,Scene_Red,True,-1,-4.0,3.0,False
402,w4a643e0,3,Animal_Blue,False,-4,9.0,-13.0,True
403,w4a643e0,3,Animal_Red,False,6,-1.0,7.0,True
404,w4a643e0,3,Animal_Yellow,False,-3,-4.0,1.0,True
405,w4a643e0,3,Food_Red,True,-9,-3.0,-6.0,False
406,w4a643e0,3,Food_Yellow,True,8,5.0,3.0,False
407,w4a643e0,3,Object_Red,False,5,-7.0,12.0,False
408,w4a643e0,4,Food_Blue,True,3,8.0,-5.0,False
409,w4a643e0,4,Food_Green,False,-6,-4.0,-2.0,False
410,w4a643e0,4,Object_Blue,True,7,-4.0,11.0,True
411,w4a643e0,4,Object_Green,False,4,1.0,3.0,True
412,w4a643e0,4,Object_Yellow,True,-8,-7.0,-1.0,True
413,w4a643e0,4,Scene_Blue,False,-9,8.0,-17.0,False
414,w4a643e0,5,Animal_Green,False,6,-7.0,13.0,False
415,w4a643e0,5,Animal_Red,False,4,3.0,1.0,True
416,w4a643e0,5,Animal_Yellow,True,-7,9.0,-16.0,False
417,w4a643e0,5,Food_Yellow,False,-8,7.0,-15.0,False
418,w4a643e0,5,Scene_Green,False,-1,5.0,-6.0,False
419,w4a643e0,5,Scene_Yellow,True,9,-4.0,13.0,False
420,w4b34871,1,Food_Red,True,-8,-3.0,-5.0,False
421,w4b34871,1,Object_Blue,True,2,2.0,0.0,True
422,w4b34871,1,Object_Green,True,-7,3.0,-10.0,True
423,w4b34871,1,Object_Red,False,6,-2.0,8.0,True
424,w4b34871,1,Scene_Blue,True,-1,1.0,-2.0,False
425,w4b34871,1,Scene_Red,True,5,1.0,4.0,False
426,w4b34871,2,Animal_Blue,False,2,2.0,0.0,False
427,w4b34871,2,Animal_Green,True,-8,-8.0,0.0,False
428,w4b34871,2,Object_Blue,True,-4,-7.0,3.0,True
429,w4b34871,2,Object_Green,False,7,4.0,3.0,True
430,w4b34871,2,Object_Yellow,False,-5,5.0,-10.0,True
431,w4b34871,2,Scene_Green,True,3,5.0,-2.0,False
432,w4b34871,3,Animal_Blue,False,7,3.0,4.0,False
433,w4b34871,3,Animal_Red,False,5,1.0,4.0,False
434,w4b34871,3,Animal_Yellow,False,-8,,,True
435,w4b34871,3,Food_Blue,False,-6,3.0,-9.0,False
436,w4b34871,3,Food_Yellow,True,9,-5.0,14.0,True
437,w4b34871,3,Scene_Yellow,True,-2,2.0,-4.0,True
438,w4b34871,4,Animal_Red,False,-4,4.0,-8.0,False
439,w4b34871,4,Food_Green,False,-9,,,True
440,w4b34871,4,Food_Red,False,8,,,False
441,w4b34871,4,Scene_Green,True,3,4.0,-1.0,True
442,w4b34871,4,Scene_Red,False,-7,5.0,-12.0,False
443,w4b34871,4,Scene_Yellow,False,5,2.0,3.0,False
444,w4b34871,5,Animal_Green,False,1,2.0,-1.0,False
445,w4b34871,5,Animal_Yellow,True,-5,4.0,-9.0,False
446,w4b34871,5,Food_Blue,True,6,-4.0,10.0,True
447,w4b34871,5,Food_Green,False,-8,4.0,-12.0,False
448,w4b34871,5,Food_Yellow,True,7,2.0,5.0,False
449,w4b34871,5,Object_Yellow,False,-4,-5.0,1.0,False
450,w4bdc2df,1,Food_Blue,False,-4,,,True
451,w4bdc2df,1,Food_Red,False,9,6.0,3.0,True
452,w4bdc2df,1,Object_Blue,True,6,,,False
453,w4bdc2df,1,Object_Red,True,-8,-8.0,0.0,False
454,w4bdc2df,1,Object_Yellow,False,7,-3.0,10.0,False
455,w4bdc2df,1,Scene_Red,False,-3,,,False
456,w4bdc2df,2,Animal_Yellow,False,5,,,True
457,w4bdc2df,2,Food_Blue,False,-3,,,False
458,w4bdc2df,2,Food_Yellow,True,4,,,False
459,w4bdc2df,2,Scene_Blue,False,8,,,False
460,w4bdc2df,2,Scene_Green,True,-7,-7.0,0.0,False
461,w4bdc2df,2,Scene_Yellow,True,-6,-4.0,-2.0,False
462,w4bdc2df,3,Food_Green,False,3,-8.0,11.0,False
463,w4bdc2df,3,Food_Yellow,True,-4,,,False
464,w4bdc2df,3,Object_Green,False,-7,,,False
465,w4bdc2df,3,Object_Red,False,-2,,,False
466,w4bdc2df,3,Object_Yellow,False,8,-4.0,12.0,False
467,w4bdc2df,3,Scene_Green,True,6,,,True
468,w4bdc2df,4,Animal_Blue,False,-7,,,False
469,w4bdc2df,4,Animal_Green,True,-5,-9.0,4.0,False
470,w4bdc2df,4,Animal_Red,False,9,-9.0,18.0,True
471,w4bdc2df,4,Food_Green,False,2,,,False
472,w4bdc2df,4,Food_Red,True,-8,-7.0,-1.0,True
473,w4bdc2df,4,Object_Green,False,4,-8.0,12.0,False
474,w4bdc2df,5,Animal_Blue,False,7,,,True
475,w4bdc2df,5,Animal_Red,True,-9,,,False
476,w4bdc2df,5,Object_Blue,False,-3,,,True
477,w4bdc2df,5,Scene_Blue,True,-6,-6.0,0.0,True
478,w4bdc2df,5,Scene_Red,True,2,,,False
479,w4bdc2df,5,Scene_Yellow,True,5,-3.0,8.0,False
480,w4f4cbdd,1,Animal_Green,True,6,2.0,4.0,False
481,w4f4cbdd,1,Animal_Red,False,8,8.0,0.0,False
482,w4f4cbdd,1,Animal_Yellow,True,-9,9.0,-18.0,False
483,w4f4cbdd,1,Food_Green,True,-2,-2.0,0.0,False
484,w4f4cbdd,1,Food_Yellow,True,7,7.0,0.0,False
485,w4f4cbdd,1,Object_Green,True,-5,5.0,-10.0,True
486,w4f4cbdd,2,Animal_Green,True,2,2.0,0.0,False
487,w4f4cbdd,2,Animal_Red,False,6,6.0,0.0,True
488,w4f4cbdd,2,Animal_Yellow,True,-7,-7.0,0.0,False
489,w4f4cbdd,2,Food_Red,True,-9,8.0,-17.0,True
490,w4f4cbdd,2,Scene_Green,True,-5,-5.0,0.0,False
491,w4f4cbdd,2,Scene_Red,True,8,8.0,0.0,True
492,w4f4cbdd,3,Animal_Blue,False,-5,-3.0,-2.0,True
493,w4f4cbdd,3,Object_Blue,True,4,8.0,-4.0,True
494,w4f4cbdd,3,Object_Red,True,-7,-7.0,0.0,False
495,w4f4cbdd,3,Object_Yellow,False,6,8.0,-2.0,False
496,w4f4cbdd,3,Scene_Blue,False,3,5.0,-2.0,True
497,w4f4cbdd,3,Scene_Yellow,True,-2,8.0,-10.0,False
498,w4f4cbdd,4,Animal_Blue,False,-6,6.0,-12.0,False
499,w4f4cbdd,4,Food_Blue,False,7,5.0,2.0,False
500,w4f4cbdd,4,Food_Green,False,-9,-2.0,-7.0,False
501,w4f4cbdd,4,Scene_Blue,True,-4,-4.0,0.0,True
502,w4f4cbdd,4,Scene_Green,True,2,-2.0,4.0,True
503,w4f4cbdd,4,Scene_Red,True,3,8.0,-5.0,True
504,w4f4cbdd,5,Food_Blue,False,-3,-4.0,1.0,True
505,w4f4cbdd,5,Food_Yellow,True,9,9.0,0.0,False
506,w4f4cbdd,5,Object_Blue,True,4,4.0,0.0,True
507,w4f4cbdd,5,Object_Green,True,5,5.0,0.0,False
508,w4f4cbdd,5,Object_Yellow,True,-8,-8.0,0.0,False
509,w4f4cbdd,5,Scene_Yellow,True,-2,-2.0,0.0,False
510,w502a382,1,Food_Blue,False,5,2.0,3.0,True
511,w502a382,1,Object_Blue,True,-6,-2.0,-4.0,True
512,w502a382,1,Object_Red,True,7,5.0,2.0,False
513,w502a382,1,Object_Yellow,False,-3,-7.0,4.0,False
514,w502a382,1,Scene_Blue,True,4,8.0,-4.0,True
515,w502a382,1,Scene_Red,True,-8,-5.0,-3.0,False
516,w502a382,2,Animal_Blue,False,2,5.0,-3.0,True
517,w502a382,2,Animal_Green,False,3,-2.0,5.0,True
518,w502a382,2,Animal_Yellow,False,-4,-2.0,-2.0,True
519,w502a382,2,Food_Blue,False,-1,2.0,-3.0,False
520,w502a382,2,Food_Green,False,6,8.0,-2.0,False
521,w502a382,2,Scene_Green,True,-7,5.0,-12.0,False
522,w502a382,3,Animal_Blue,False,-2,-3.0,1.0,True
523,w502a382,3,Animal_Yellow,False,7,2.0,5.0,True
524,w502a382,3,Object_Yellow,False,-5,5.0,-10.0,False
525,w502a382,3,Scene_Blue,False,4,5.0,-1.0,False
526,w502a382,3,Scene_Red,True,3,-7.0,10.0,False
527,w502a382,3,Scene_Yellow,False,-6,-2.0,-4.0,False
528,w502a382,4,Animal_Green,False,-4,5.0,-9.0,False
529,w502a382,4,Animal_Red,False,3,-2.0,5.0,True
530,w502a382,4,Food_Red,True,-7,-2.0,-5.0,True
531,w502a382,4,Object_Blue,True,-9,-5.0,-4.0,False
532,w502a382,4,Object_Green,True,5,7.0,-2.0,False
533,w502a382,4,Object_Red,False,6,5.0,1.0,True
534,w502a382,5,Food_Green,False,7,-5.0,12.0,False
535,w502a382,5,Food_Red,True,-8,-3.0,-5.0,False
536,w502a382,5,Food_Yellow,False,3,-2.0,5.0,True
537,w502a382,5,Object_Green,False,-9,5.0,-14.0,False
538,w502a382,5,Scene_Green,True,5,5.0,0.0,False
539,w502a382,5,Scene_Yellow,False,-1,5.0,-6.0,True
540,w5317a1b,1,Animal_Green,True,9,9.0,0.0,False
541,w5317a1b,1,Animal_Yellow,True,-2,2.0,-4.0,False
542,w5317a1b,1,Object_Blue,False,3,4.0,-1.0,True
543,w5317a1b,1,Object_Green,True,-8,-5.0,-3.0,False
544,w5317a1b,1,Object_Yellow,True,7,7.0,0.0,False
545,w5317a1b,1,Scene_Green,False,-4,-4.0,0.0,False
546,w5317a1b,2,Animal_Yellow,True,3,3.0,0.0,False
547,w5317a1b,2,Food_Blue,True,7,6.0,1.0,True
548,w5317a1b,2,Food_Green,False,-6,-6.0,0.0,True
549,w5317a1b,2,Food_Yellow,True,-5,-4.0,-1.0,True
550,w5317a1b,2,Scene_Blue,True,-1,-1.0,0.0,False
551,w5317a1b,2,Scene_Yellow,True,4,4.0,0.0,False
552,w5317a1b,3,Animal_Blue,True,-5,-6.0,1.0,True
553,w5317a1b,3,Animal_Green,True,7,7.0,0.0,True
554,w5317a1b,3,Animal_Red,True,-3,-3.0,0.0,True
555,w5317a1b,3,Food_Green,True,6,6.0,0.0,False
556,w5317a1b,3,Scene_Green,True,-9,-8.0,-1.0,False
557,w5317a1b,3,Scene_Red,True,8,7.0,1.0,False
558,w5317a1b,4,Animal_Red,True,5,3.0,2.0,True
559,w5317a1b,4,Food_Red,True,-8,-8.0,0.0,False
560,w5317a1b,4,Food_Yellow,True,1,1.0,0.0,False
561,w5317a1b,4,Object_Green,False,-4,-5.0,1.0,False
562,w5317a1b,4,Object_Red,True,6,3.0,3.0,False
563,w5317a1b,4,Object_Yellow,True,-3,-4.0,1.0,False
564,w5317a1b,5,Food_Red,False,8,8.0,0.0,False
565,w5317a1b,5,Object_Blue,True,1,1.0,0.0,True
566,w5317a1b,5,Object_Red,False,-9,-9.0,0.0,True
567,w5317a1b,5,Scene_Blue,True,-4,4.0,-8.0,False
568,w5317a1b,5,Scene_Red,True,7,8.0,-1.0,False
569,w5317a1b,5,Scene_Yellow,True,-6,-4.0,-2.0,False
570,w5ef243f,1,Animal_Yellow,True,3,-3.0,6.0,False
571,w5ef243f,1,Food_Blue,True,9,8.0,1.0,False
572,w5ef243f,1,Food_Red,True,-7,6.0,-13.0,False
573,w5ef243f,1,Food_Yellow,True,-8,-1.0,-7.0,False
574,w5ef243f,1,Object_Blue,False,-1,6.0,-7.0,True
575,w5ef243f,1,Object_Yellow,True,6,-3.0,9.0,True
576,w5ef243f,2,Animal_Red,True,-5,-9.0,4.0,True
577,w5ef243f,2,Object_Blue,True,-7,-7.0,0.0,False
578,w5ef243f,2,Object_Red,False,9,-7.0,16.0,True
579,w5ef243f,2,Scene_Blue,True,6,1.0,5.0,False
580,w5ef243f,2,Scene_Red,True,-8,7.0,-15.0,True
581,w5ef243f,2,Scene_Yellow,True,3,3.0,0.0,False
582,w5ef243f,3,Food_Blue,True,5,7.0,-2.0,False
583,w5ef243f,3,Food_Green,True,7,9.0,-2.0,True
584,w5ef243f,3,Food_Red,True,-9,-3.0,-6.0,False
585,w5ef243f,3,Object_Green,False,-4,4.0,-8.0,True
586,w5ef243f,3,Scene_Green,True,-6,8.0,-14.0,True
587,w5ef243f,3,Scene_Red,True,8,-3.0,11.0,False
588,w5ef243f,4,Animal_Green,True,-4,9.0,-13.0,False
589,w5ef243f,4,Animal_Red,False,7,6.0,1.0,False
590,w5ef243f,4,Animal_Yellow,False,-6,-3.0,-3.0,False
591,w5ef243f,4,Food_Yellow,True,9,3.0,6.0,True
592,w5ef243f,4,Object_Green,False,3,-4.0,7.0,False
593,w5ef243f,4,Object_Yellow,False,-5,7.0,-12.0,False
594,w5ef243f,5,Animal_Blue,True,-3,5.0,-8.0,False
595,w5ef243f,5,Animal_Green,False,8,8.0,0.0,False
596,w5ef243f,5,Food_Green,True,-2,-2.0,0.0,False
597,w5ef243f,5,Scene_Blue,True,6,-3.0,9.0,True
598,w5ef243f,5,Scene_Green,True,-7,-7.0,0.0,True
599,w5ef243f,5,Scene_Yellow,False,5,1.0,4.0,True
600,w608e33c,1,Animal_Green,True,1,1.0,0.0,False
601,w608e33c,1,Animal_Red,False,-5,-1.0,-4.0,False
602,w608e33c,1,Food_Blue,False,9,-5.0,14.0,False
603,w608e33c,1,Food_Green,True,-6,-6.0,0.0,False
604,w608e33c,1,Food_Red,True,-4,4.0,-8.0,False
605,w608e33c,1,Scene_Red,True,7,-7.0,14.0,True
606,w608e33c,2,Food_Green,True,9,9.0,0.0,True
607,w608e33c,2,Food_Red,True,-7,-4.0,-3.0,False
608,w608e33c,2,Food_Yellow,True,-6,6.0,-12.0,False
609,w608e33c,2,Object_Yellow,True,5,-5.0,10.0,False
610,w608e33c,2,Scene_Green,True,-1,-1.0,0.0,True
611,w608e33c,2,Scene_Yellow,True,4,4.0,0.0,False
612,w608e33c,3,Animal_Blue,False,-7,-7.0,0.0,False
613,w608e33c,3,Animal_Red,True,-5,1.0,-6.0,False
614,w608e33c,3,Animal_Yellow,True,9,-5.0,14.0,False
615,w608e33c,3,Food_Blue,True,8,8.0,0.0,True
616,w608e33c,3,Object_Blue,True,-6,-6.0,0.0,False
617,w608e33c,3,Object_Red,True,3,-3.0,6.0,False
618,w608e33c,4,Animal_Blue,True,-5,7.0,-12.0,False
619,w608e33c,4,Object_Blue,False,8,5.0,3.0,False
620,w608e33c,4,Object_Green,True,3,3.0,0.0,True
621,w608e33c,4,Object_Red,False,-9,-4.0,-5.0,False
622,w608e33c,4,Scene_Blue,True,-4,-5.0,1.0,False
623,w608e33c,4,Scene_Red,True,1,1.0,0.0,False
624,w608e33c,5,Animal_Yellow,False,3,-9.0,12.0,True
625,w608e33c,5,Object_Green,True,-1,6.0,-7.0,False
626,w608e33c,5,Object_Yellow,True,6,-9.0,15.0,True
627,w608e33c,5,Scene_Blue,True,-5,-5.0,0.0,False
628,w608e33c,5,Scene_Green,True,9,9.0,0.0,False
629,w608e33c,5,Scene_Yellow,True,-8,-8.0,0.0,True
630,w65ed633,1,Food_Blue,True,-4,4.0,-8.0,False
631,w65ed633,1,Food_Green,False,-5,5.0,-10.0,False
632,w65ed633,1,Food_Yellow,True,7,7.0,0.0,False
633,w65ed633,1,Object_Green,True,1,1.0,0.0,False
634,w65ed633,1,Object_Yellow,True,-9,-9.0,0.0,False
635,w65ed633,1,Scene_Yellow,True,6,6.0,0.0,True
636,w65ed633,2,Food_Blue,True,9,9.0,0.0,False
637,w65ed633,2,Food_Yellow,True,-2,6.0,-8.0,False
638,w65ed633,2,Object_Blue,True,-6,6.0,-12.0,False
639,w65ed633,2,Scene_Blue,True,-8,-8.0,0.0,False
640,w65ed633,2,Scene_Green,True,3,-2.0,5.0,True
641,w65ed633,2,Scene_Yellow,False,7,7.0,0.0,False
642,w65ed633,3,Animal_Blue,True,4,4.0,0.0,False
643,w65ed633,3,Animal_Red,True,-5,-5.0,0.0,False
644,w65ed633,3,Animal_Yellow,True,2,2.0,0.0,False
645,w65ed633,3,Food_Red,True,-3,-3.0,0.0,False
646,w65ed633,3,Object_Red,True,6,6.0,0.0,True
647,w65ed633,3,Object_Yellow,True,-7,-7.0,0.0,True
648,w65ed633,4,Animal_Green,True,3,3.0,0.0,False
649,w65ed633,4,Object_Blue,True,-7,9.0,-16.0,True
650,w65ed633,4,Object_Green,True,-5,-5.0,0.0,False
651,w65ed633,4,Object_Red,True,9,-7.0,16.0,False
652,w65ed633,4,Scene_Green,True,4,4.0,0.0,False
653,w65ed633,4,Scene_Red,True,-6,-6.0,0.0,False
654,w65ed633,5,Animal_Green,True,5,5.0,0.0,False
655,w65ed633,5,Animal_Red,True,-7,-5.0,-2.0,False
656,w65ed633,5,Animal_Yellow,True,3,3.0,0.0,False
657,w65ed633,5,Food_Green,True,-8,-8.0,0.0,True
658,w65ed633,5,Food_Red,True,9,9.0,0.0,True
659,w65ed633,5,Scene_Red,True,-6,-6.0,0.0,False
660,w6b34a8b,1,Animal_Blue,True,7,3.0,4.0,True
661,w6b34a8b,1,Animal_Green,False,-9,3.0,-12.0,False
662,w6b34a8b,1,Animal_Yellow,True,3,7.0,-4.0,False
663,w6b34a8b,1,Food_Blue,False,-6,-7.0,1.0,True
664,w6b34a8b,1,Food_Green,True,5,2.0,3.0,False
665,w6b34a8b,1,Object_Blue,True,-4,-5.0,1.0,True
666,w6b34a8b,2,Animal_Red,False,-2,-1.0,-1.0,False
667,w6b34a8b,2,Animal_Yellow,True,1,-7.0,8.0,False
668,w6b34a8b,2,Object_Green,False,9,-3.0,12.0,False
669,w6b34a8b,2,Object_Red,True,-7,7.0,-14.0,False
670,w6b34a8b,2,Object_Yellow,True,-4,5.0,-9.0,False
671,w6b34a8b,2,Scene_Red,True,8,5.0,3.0,True
672,w6b34a8b,3,Animal_Red,False,6,4.0,2.0,True
673,w6b34a8b,3,Food_Red,True,2,2.0,0.0,False
674,w6b34a8b,3,Food_Yellow,False,-4,-3.0,-1.0,False
675,w6b34a8b,3,Scene_Blue,True,-5,-5.0,0.0,False
676,w6b34a8b,3,Scene_Red,True,-7,5.0,-12.0,False
677,w6b34a8b,3,Scene_Yellow,False,8,-7.0,15.0,False
678,w6b34a8b,4,Food_Green,False,7,-3.0,10.0,False
679,w6b34a8b,4,Food_Red,True,-9,-9.0,0.0,True
680,w6b34a8b,4,Food_Yellow,False,5,2.0,3.0,False
681,w6b34a8b,4,Object_Yellow,True,-8,2.0,-10.0,False
682,w6b34a8b,4,Scene_Green,False,-2,-5.0,3.0,False
683,w6b34a8b,4,Scene_Yellow,True,4,-3.0,7.0,False
684,w6b34a8b,5,Animal_Blue,False,-4,-2.0,-2.0,True
685,w6b34a8b,5,Object_Blue,False,6,-3.0,9.0,False
686,w6b34a8b,5,Object_Green,True,-9,3.0,-12.0,False
687,w6b34a8b,5,Object_Red,True,7,-5.0,12.0,False
688,w6b34a8b,5,Scene_Blue,True,-3,7.0,-10.0,False
689,w6b34a8b,5,Scene_Green,True,2,1.0,1.0,False
690,w797a1e5,1,Animal_Green,True,9,9.0,0.0,False
691,w797a1e5,1,Animal_Red,True,-4,-4.0,0.0,True
692,w797a1e5,1,Animal_Yellow,True,-7,-7.0,0.0,False
693,w797a1e5,1,Food_Red,True,-5,-5.0,0.0,True
694,w797a1e5,1,Food_Yellow,True,3,3.0,0.0,False
695,w797a1e5,1,Scene_Red,True,8,8.0,0.0,True
696,w797a1e5,2,Animal_Blue,True,5,5.0,0.0,False
697,w797a1e5,2,Object_Blue,True,4,4.0,0.0,False
698,w797a1e5,2,Object_Green,True,-3,-3.0,0.0,True
699,w797a1e5,2,Object_Red,True,-2,-2.0,0.0,False
700,w797a1e5,2,Scene_Blue,True,-7,-7.0,0.0,False
701,w797a1e5,2,Scene_Green,True,6,6.0,0.0,True
702,w797a1e5,3,Animal_Yellow,True,-5,-5.0,0.0,False
703,w797a1e5,3,Food_Blue,True,2,2.0,0.0,False
704,w797a1e5,3,Food_Green,True,-9,-9.0,0.0,False
705,w797a1e5,3,Food_Yellow,True,8,8.0,0.0,False
706,w797a1e5,3,Scene_Green,True,3,3.0,0.0,True
707,w797a1e5,3,Scene_Yellow,True,-4,-4.0,0.0,True
708,w797a1e5,4,Food_Blue,True,-9,-9.0,0.0,False
709,w797a1e5,4,Object_Blue,True,6,3.0,3.0,True
710,w797a1e5,4,Object_Red,True,3,3.0,0.0,True
711,w797a1e5,4,Object_Yellow,True,-8,-8.0,0.0,True
712,w797a1e5,4,Scene_Blue,True,5,5.0,0.0,False
713,w797a1e5,4,Scene_Red,True,-1,-1.0,0.0,False
714,w797a1e5,5,Animal_Blue,True,4,4.0,0.0,False
715,w797a1e5,5,Animal_Green,True,-3,-3.0,0.0,False
716,w797a1e5,5,Animal_Red,True,-2,-3.0,1.0,False
717,w797a1e5,5,Food_Green,True,-5,-5.0,0.0,True
718,w797a1e5,5,Food_Red,True,7,7.0,0.0,True
719,w797a1e5,5,Object_Green,True,6,6.0,0.0,False
720,w7c1d29f,1,Animal_Blue,False,-5,-6.0,1.0,False
721,w7c1d29f,1,Food_Blue,True,7,8.0,-1.0,False
722,w7c1d29f,1,Food_Red,True,2,2.0,0.0,True
723,w7c1d29f,1,Food_Yellow,False,-8,4.0,-12.0,False
724,w7c1d29f,1,Scene_Blue,True,-6,-6.0,0.0,False
725,w7c1d29f,1,Scene_Yellow,True,3,4.0,-1.0,False
726,w7c1d29f,2,Food_Green,True,-7,-8.0,1.0,False
727,w7c1d29f,2,Object_Blue,True,6,2.0,4.0,False
728,w7c1d29f,2,Object_Green,True,-2,3.0,-5.0,False
729,w7c1d29f,2,Scene_Blue,True,-9,-8.0,-1.0,True
730,w7c1d29f,2,Scene_Green,True,8,7.0,1.0,True
731,w7c1d29f,2,Scene_Red,True,4,2.0,2.0,True
732,w7c1d29f,3,Animal_Red,True,9,6.0,3.0,False
733,w7c1d29f,3,Food_Blue,True,-5,-2.0,-3.0,True
734,w7c1d29f,3,Food_Green,True,8,8.0,0.0,True
735,w7c1d29f,3,Food_Red,True,-6,-4.0,-2.0,True
736,w7c1d29f,3,Object_Blue,True,1,1.0,0.0,False
737,w7c1d29f,3,Object_Red,True,-4,-7.0,3.0,False
738,w7c1d29f,4,Animal_Green,True,-5,-4.0,-1.0,True
739,w7c1d29f,4,Animal_Red,True,7,8.0,-1.0,False
740,w7c1d29f,4,Animal_Yellow,True,-3,-4.0,1.0,False
741,w7c1d29f,4,Object_Green,True,1,1.0,0.0,True
742,w7c1d29f,4,Object_Red,True,-8,-7.0,-1.0,False
743,w7c1d29f,4,Scene_Red,True,2,3.0,-1.0,False
744,w7c1d29f,5,Animal_Blue,True,-3,-3.0,0.0,True
745,w7c1d29f,5,Animal_Green,True,-2,-5.0,3.0,True
746,w7c1d29f,5,Animal_Yellow,True,4,4.0,0.0,True
747,w7c1d29f,5,Object_Yellow,True,5,5.0,0.0,False
748,w7c1d29f,5,Scene_Green,True,1,1.0,0.0,False
749,w7c1d29f,5,Scene_Yellow,True,-8,8.0,-16.0,False
750,w7cfc37e,1,Food_Green,False,-4,,,False
751,w7cfc37e,1,Food_Red,False,8,,,False
752,w7cfc37e,1,Food_Yellow,False,-7,,,False
753,w7cfc37e,1,Object_Green,False,-6,,,False
754,w7cfc37e,1,Object_Yellow,False,2,,,False
755,w7cfc37e,1,Scene_Green,False,9,,,False
756,w7cfc37e,2,Animal_Green,True,1,,,False
757,w7cfc37e,2,Animal_Red,False,-8,-3.0,-5.0,False
758,w7cfc37e,2,Object_Blue,True,-4,,,True
759,w7cfc37e,2,Object_Green,True,-2,,,True
760,w7cfc37e,2,Object_Red,False,5,,,True
761,w7cfc37e,2,Scene_Red,True,7,,,False
762,w7cfc37e,3,Animal_Blue,True,-9,-8.0,-1.0,False
763,w7cfc37e,3,Animal_Yellow,True,4,,,True
764,w7cfc37e,3,Food_Blue,False,7,,,False
765,w7cfc37e,3,Scene_Blue,False,6,,,False
766,w7cfc37e,3,Scene_Green,True,-5,,,False
767,w7cfc37e,3,Scene_Yellow,False,-3,,,True
768,w7cfc37e,4,Animal_Green,True,-9,,,True
769,w7cfc37e,4,Animal_Red,False,8,-8.0,16.0,False
770,w7cfc37e,4,Animal_Yellow,False,7,,,False
771,w7cfc37e,4,Food_Green,True,3,,,True
772,w7cfc37e,4,Food_Yellow,True,-2,,,False
773,w7cfc37e,4,Object_Yellow,False,-6,,,False
774,w7cfc37e,5,Animal_Blue,True,9,-9.0,18.0,True
775,w7cfc37e,5,Food_Blue,False,-4,,,False
776,w7cfc37e,5,Food_Red,False,1,,,False
777,w7cfc37e,5,Scene_Blue,False,-6,-3.0,-3.0,False
778,w7cfc37e,5,Scene_Red,True,-7,,,False
779,w7cfc37e,5,Scene_Yellow,True,8,,,False
780,w8ad52eb,1,Animal_Green,True,-9,-9.0,0.0,False
781,w8ad52eb,1,Animal_Red,False,5,3.0,2.0,True
782,w8ad52eb,1,Food_Blue,True,-8,-8.0,0.0,False
783,w8ad52eb,1,Food_Green,True,4,-4.0,8.0,False
784,w8ad52eb,1,Food_Red,True,6,6.0,0.0,True
785,w8ad52eb,1,Scene_Red,True,-7,-5.0,-2.0,True
786,w8ad52eb,2,Animal_Blue,True,-6,6.0,-12.0,False
787,w8ad52eb,2,Object_Blue,False,9,,,False
788,w8ad52eb,2,Object_Yellow,True,-8,4.0,-12.0,False
789,w8ad52eb,2,Scene_Blue,True,-4,-4.0,0.0,False
790,w8ad52eb,2,Scene_Green,True,3,,,True
791,w8ad52eb,2,Scene_Yellow,False,2,,,False
792,w8ad52eb,3,Animal_Blue,False,5,6.0,-1.0,False
793,w8ad52eb,3,Animal_Red,False,4,4.0,0.0,False
794,w8ad52eb,3,Animal_Yellow,False,-7,-2.0,-5.0,True
795,w8ad52eb,3,Food_Yellow,True,-2,-2.0,0.0,True
796,w8ad52eb,3,Scene_Red,False,-6,,,False
797,w8ad52eb,3,Scene_Yellow,True,8,8.0,0.0,True
798,w8ad52eb,4,Food_Blue,False,-8,8.0,-16.0,False
799,w8ad52eb,4,Food_Green,True,6,-6.0,12.0,False
800,w8ad52eb,4,Object_Blue,False,4,,,False
801,w8ad52eb,4,Object_Green,True,3,3.0,0.0,False
802,w8ad52eb,4,Object_Red,False,-5,5.0,-10.0,False
803,w8ad52eb,4,Scene_Green,False,-7,,,True
804,w8ad52eb,5,Animal_Yellow,False,9,-3.0,12.0,True
805,w8ad52eb,5,Food_Red,False,2,,,False
806,w8ad52eb,5,Food_Yellow,False,-4,-2.0,-2.0,False
807,w8ad52eb,5,Object_Green,True,8,3.0,5.0,False
808,w8ad52eb,5,Object_Red,False,-5,,,False
809,w8ad52eb,5,Object_Yellow,False,-7,-3.0,-4.0,False
810,w8d56791,1,Animal_Green,False,-8,-9.0,1.0,False
811,w8d56791,1,Animal_Yellow,True,2,1.0,1.0,False
812,w8d56791,1,Food_Green,True,9,1.0,8.0,False
813,w8d56791,1,Scene_Green,True,-4,-9.0,5.0,False
814,w8d56791,1,Scene_Red,False,5,-1.0,6.0,True
815,w8d56791,1,Scene_Yellow,True,-3,9.0,-12.0,False
816,w8d56791,2,Food_Blue,False,7,9.0,-2.0,False
817,w8d56791,2,Food_Red,False,-9,-9.0,0.0,False
818,w8d56791,2,Food_Yellow,True,8,1.0,7.0,False
819,w8d56791,2,Object_Blue,True,-3,-9.0,6.0,False
820,w8d56791,2,Object_Red,True,2,1.0,1.0,False
821,w8d56791,2,Scene_Blue,True,-5,-1.0,-4.0,True
822,w8d56791,3,Animal_Red,False,7,9.0,-2.0,False
823,w8d56791,3,Object_Red,True,4,9.0,-5.0,False
824,w8d56791,3,Object_Yellow,False,-5,-1.0,-4.0,False
825,w8d56791,3,Scene_Green,False,-3,-1.0,-2.0,True
826,w8d56791,3,Scene_Red,False,-8,9.0,-17.0,True
827,w8d56791,3,Scene_Yellow,False,9,-1.0,10.0,True
828,w8d56791,4,Animal_Blue,False,7,-1.0,8.0,False
829,w8d56791,4,Animal_Yellow,False,-6,-9.0,3.0,False
830,w8d56791,4,Food_Yellow,False,-5,9.0,-14.0,True
831,w8d56791,4,Object_Blue,False,-9,-1.0,-8.0,False
832,w8d56791,4,Object_Green,True,2,1.0,1.0,False
833,w8d56791,4,Object_Yellow,True,8,9.0,-1.0,False
834,w8d56791,5,Animal_Blue,False,-8,9.0,-17.0,False
835,w8d56791,5,Animal_Green,True,-7,1.0,-8.0,False
836,w8d56791,5,Animal_Red,False,9,-1.0,10.0,True
837,w8d56791,5,Food_Blue,True,5,-1.0,6.0,False
838,w8d56791,5,Food_Red,True,-4,9.0,-13.0,True
839,w8d56791,5,Scene_Blue,True,6,9.0,-3.0,False
840,w8e2568d,1,Animal_Blue,True,6,5.0,1.0,False
841,w8e2568d,1,Object_Blue,False,-7,6.0,-13.0,False
842,w8e2568d,1,Object_Green,False,9,9.0,0.0,True
843,w8e2568d,1,Object_Red,True,-8,3.0,-11.0,False
844,w8e2568d,1,Scene_Blue,False,4,6.0,-2.0,False
845,w8e2568d,1,Scene_Green,True,-1,2.0,-3.0,True
846,w8e2568d,2,Animal_Blue,True,-7,-7.0,0.0,True
847,w8e2568d,2,Animal_Green,True,4,4.0,0.0,True
848,w8e2568d,2,Animal_Yellow,False,5,-2.0,7.0,True
849,w8e2568d,2,Food_Blue,False,8,8.0,0.0,False
850,w8e2568d,2,Food_Yellow,True,-9,6.0,-15.0,False
851,w8e2568d,2,Object_Blue,True,-2,9.0,-11.0,False
852,w8e2568d,3,Food_Green,False,7,8.0,-1.0,True
853,w8e2568d,3,Food_Red,True,-4,7.0,-11.0,True
854,w8e2568d,3,Food_Yellow,False,-6,-4.0,-2.0,True
855,w8e2568d,3,Object_Yellow,False,9,-5.0,14.0,False
856,w8e2568d,3,Scene_Red,False,8,2.0,6.0,False
857,w8e2568d,3,Scene_Yellow,True,-5,5.0,-10.0,False
858,w8e2568d,4,Animal_Green,False,4,4.0,0.0,False
859,w8e2568d,4,Animal_Red,False,-6,3.0,-9.0,False
860,w8e2568d,4,Food_Blue,True,-5,-2.0,-3.0,True
861,w8e2568d,4,Food_Green,False,-8,5.0,-13.0,True
862,w8e2568d,4,Food_Red,False,9,6.0,3.0,True
863,w8e2568d,4,Scene_Green,False,7,7.0,0.0,False
864,w8e2568d,5,Animal_Red,True,9,2.0,7.0,False
865,w8e2568d,5,Animal_Yellow,False,-7,4.0,-11.0,True
866,w8e2568d,5,Object_Red,False,-4,5.0,-9.0,False
867,w8e2568d,5,Scene_Blue,False,5,7.0,-2.0,False
868,w8e2568d,5,Scene_Red,False,-8,4.0,-12.0,False
869,w8e2568d,5,Scene_Yellow,False,6,6.0,0.0,True
870,w8f47681,1,Animal_Green,False,4,3.0,1.0,False
871,w8f47681,1,Animal_Red,True,-6,4.0,-10.0,False
872,w8f47681,1,Animal_Yellow,False,3,2.0,1.0,False
873,w8f47681,1,Food_Red,True,-5,2.0,-7.0,False
874,w8f47681,1,Object_Red,False,9,-2.0,11.0,True
875,w8f47681,1,Object_Yellow,True,-2,-8.0,6.0,True
876,w8f47681,2,Animal_Blue,False,9,9.0,0.0,True
877,w8f47681,2,Food_Blue,True,-6,-6.0,0.0,True
878,w8f47681,2,Food_Green,True,-3,-3.0,0.0,False
879,w8f47681,2,Food_Yellow,True,8,8.0,0.0,False
880,w8f47681,2,Object_Blue,True,-5,-8.0,3.0,True
881,w8f47681,2,Object_Green,False,4,4.0,0.0,False
882,w8f47681,3,Food_Blue,True,6,6.0,0.0,False
883,w8f47681,3,Object_Blue,True,2,-2.0,4.0,True
884,w8f47681,3,Object_Red,False,-5,2.0,-7.0,True
885,w8f47681,3,Scene_Blue,True,-7,-3.0,-4.0,False
886,w8f47681,3,Scene_Green,True,-3,2.0,-5.0,False
887,w8f47681,3,Scene_Red,True,8,6.0,2.0,False
888,w8f47681,4,Animal_Red,True,7,3.0,4.0,True
889,w8f47681,4,Food_Red,True,6,3.0,3.0,False
890,w8f47681,4,Food_Yellow,False,-5,-5.0,0.0,False
891,w8f47681,4,Scene_Blue,True,-3,-4.0,1.0,False
892,w8f47681,4,Scene_Red,True,-8,-8.0,0.0,False
893,w8f47681,4,Scene_Yellow,True,9,9.0,0.0,False
894,w8f47681,5,Animal_Blue,False,-4,-7.0,3.0,False
895,w8f47681,5,Animal_Green,True,7,2.0,5.0,False
896,w8f47681,5,Animal_Yellow,True,-6,-3.0,-3.0,False
897,w8f47681,5,Object_Green,True,-9,-9.0,0.0,False
898,w8f47681,5,Object_Yellow,True,2,2.0,0.0,False
899,w8f47681,5,Scene_Green,True,3,3.0,0.0,True
900,w91e953e,1,Animal_Blue,True,-5,-5.0,0.0,True
901,w91e953e,1,Food_Blue,True,7,-7.0,14.0,False
902,w91e953e,1,Food_Red,True,-9,2.0,-11.0,False
903,w91e953e,1,Food_Yellow,False,6,3.0,3.0,False
904,w91e953e,1,Scene_Blue,False,-3,5.0,-8.0,False
905,w91e953e,1,Scene_Red,True,1,-2.0,3.0,False
906,w91e953e,2,Animal_Green,True,5,5.0,0.0,False
907,w91e953e,2,Animal_Red,True,-6,-3.0,-3.0,True
908,w91e953e,2,Animal_Yellow,False,3,7.0,-4.0,False
909,w91e953e,2,Object_Red,False,-2,-2.0,0.0,True
910,w91e953e,2,Scene_Green,True,-4,5.0,-9.0,False
911,w91e953e,2,Scene_Red,True,7,7.0,0.0,True
912,w91e953e,3,Animal_Blue,False,5,-5.0,10.0,False
913,w91e953e,3,Animal_Red,True,-8,-8.0,0.0,False
914,w91e953e,3,Animal_Yellow,True,6,6.0,0.0,True
915,w91e953e,3,Food_Blue,True,-7,-7.0,0.0,False
916,w91e953e,3,Object_Blue,True,4,-3.0,7.0,False
917,w91e953e,3,Object_Yellow,True,-2,-2.0,0.0,True
918,w91e953e,4,Food_Green,True,4,4.0,0.0,False
919,w91e953e,4,Object_Green,True,7,7.0,0.0,False
920,w91e953e,4,Object_Yellow,True,-6,-6.0,0.0,False
921,w91e953e,4,Scene_Blue,True,-3,-3.0,0.0,True
922,w91e953e,4,Scene_Green,True,-8,-8.0,0.0,False
923,w91e953e,4,Scene_Yellow,True,9,9.0,0.0,False
924,w91e953e,5,Animal_Green,True,-5,-5.0,0.0,False
925,w91e953e,5,Food_Green,True,-4,4.0,-8.0,False
926,w91e953e,5,Food_Red,True,8,8.0,0.0,False
927,w91e953e,5,Object_Blue,True,3,3.0,0.0,True
928,w91e953e,5,Object_Green,True,6,6.0,0.0,True
929,w91e953e,5,Object_Red,True,-7,-7.0,0.0,True
930,w950a999,1,Animal_Red,True,9,,,False
931,w950a999,1,Object_Red,True,-6,,,True
932,w950a999,1,Object_Yellow,False,1,,,True
933,w950a999,1,Scene_Green,True,8,-3.0,11.0,False
934,w950a999,1,Scene_Red,True,-7,-5.0,-2.0,False
935,w950a999,1,Scene_Yellow,True,-5,,,False
936,w950a999,2,Food_Blue,True,-6,-8.0,2.0,False
937,w950a999,2,Food_Red,False,5,,,False
938,w950a999,2,Object_Red,False,4,,,False
939,w950a999,2,Scene_Blue,True,8,,,False
940,w950a999,2,Scene_Red,False,-7,-5.0,-2.0,False
941,w950a999,2,Scene_Yellow,True,-3,,,True
942,w950a999,3,Animal_Green,True,-4,,,False
943,w950a999,3,Animal_Yellow,False,7,-6.0,13.0,False
944,w950a999,3,Food_Yellow,True,5,,,False
945,w950a999,3,Object_Blue,False,-2,,,True
946,w950a999,3,Object_Green,True,9,-6.0,15.0,True
947,w950a999,3,Object_Yellow,True,-8,,,True
948,w950a999,4,Animal_Blue,True,-8,-8.0,0.0,False
949,w950a999,4,Animal_Red,True,1,,,False
950,w950a999,4,Food_Blue,False,6,-4.0,10.0,False
951,w950a999,4,Food_Green,True,-5,-2.0,-3.0,True
952,w950a999,4,Food_Red,True,-2,,,False
953,w950a999,4,Scene_Blue,True,4,,,False
954,w950a999,5,Animal_Blue,True,8,,,False
955,w950a999,5,Animal_Green,True,-7,-4.0,-3.0,False
956,w950a999,5,Animal_Yellow,True,-4,,,True
957,w950a999,5,Food_Green,True,3,,,False
958,w950a999,5,Object_Blue,False,-6,-4.0,-2.0,False
959,w950a999,5,Object_Green,False,5,,,False
960,w973f72a,1,Food_Red,True,-7,-3.0,-4.0,False
961,w973f72a,1,Object_Green,False,3,3.0,0.0,True
962,w973f72a,1,Object_Red,False,-5,3.0,-8.0,False
963,w973f72a,1,Object_Yellow,True,4,3.0,1.0,False
964,w973f72a,1,Scene_Red,True,9,9.0,0.0,False
965,w973f72a,1,Scene_Yellow,False,-6,2.0,-8.0,False
966,w973f72a,2,Animal_Blue,True,3,3.0,0.0,False
967,w973f72a,2,Animal_Red,False,-5,-5.0,0.0,True
968,w973f72a,2,Food_Blue,False,-4,-3.0,-1.0,False
969,w973f72a,2,Food_Red,True,7,7.0,0.0,True
970,w973f72a,2,Food_Yellow,True,-6,-3.0,-3.0,False
971,w973f72a,2,Object_Blue,False,2,2.0,0.0,False
972,w973f72a,3,Animal_Green,False,-9,,,False
973,w973f72a,3,Animal_Yellow,True,2,2.0,0.0,False
974,w973f72a,3,Food_Blue,False,-7,-2.0,-5.0,False
975,w973f72a,3,Food_Green,False,8,,,False
976,w973f72a,3,Food_Yellow,False,-6,,,False
977,w973f72a,3,Scene_Green,False,5,,,True
978,w973f72a,4,Animal_Green,True,6,3.0,3.0,True
979,w973f72a,4,Animal_Yellow,True,-5,-2.0,-3.0,True
980,w973f72a,4,Food_Green,False,-8,,,False
981,w973f72a,4,Scene_Blue,True,-4,-5.0,1.0,False
982,w973f72a,4,Scene_Green,True,3,7.0,-4.0,False
983,w973f72a,4,Scene_Yellow,False,2,-2.0,4.0,False
984,w973f72a,5,Animal_Blue,False,6,,,False
985,w973f72a,5,Object_Blue,True,-5,-2.0,-3.0,True
986,w973f72a,5,Object_Green,False,7,3.0,4.0,True
987,w973f72a,5,Object_Red,True,-3,-4.0,1.0,True
988,w973f72a,5,Scene_Blue,False,-4,2.0,-6.0,False
989,w973f72a,5,Scene_Red,False,2,7.0,-5.0,False
990,w9f6c077,1,Animal_Blue,False,-2,-5.0,3.0,True
991,w9f6c077,1,Animal_Green,True,9,9.0,0.0,False
992,w9f6c077,1,Object_Blue,True,6,2.0,4.0,True
993,w9f6c077,1,Object_Green,False,-8,-3.0,-5.0,False
994,w9f6c077,1,Object_Red,True,4,2.0,2.0,False
995,w9f6c077,1,Scene_Blue,True,-5,-5.0,0.0,True
996,w9f6c077,2,Food_Blue,True,4,2.0,2.0,False
997,w9f6c077,2,Food_Green,False,5,-5.0,10.0,False
998,w9f6c077,2,Food_Yellow,True,-6,-3.0,-3.0,False
999,w9f6c077,2,Object_Blue,True,-8,5.0,-13.0,True
1000,w9f6c077,2,Object_Green,False,7,4.0,3.0,True
1001,w9f6c077,2,Scene_Green,True,-9,-2.0,-7.0,False
1002,w9f6c077,3,Animal_Blue,False,-1,-3.0,2.0,False
1003,w9f6c077,3,Animal_Red,True,9,9.0,0.0,False
1004,w9f6c077,3,Food_Blue,False,6,5.0,1.0,False
1005,w9f6c077,3,Food_Green,True,5,2.0,3.0,True
1006,w9f6c077,3,Food_Red,False,-8,-2.0,-6.0,False
1007,w9f6c077,3,Object_Red,False,-2,2.0,-4.0,False
1008,w9f6c077,4,Animal_Red,True,3,2.0,1.0,False
1009,w9f6c077,4,Animal_Yellow,False,-4,2.0,-6.0,False
1010,w9f6c077,4,Object_Yellow,False,7,1.0,6.0,False
1011,w9f6c077,4,Scene_Blue,True,8,2.0,6.0,True
1012,w9f6c077,4,Scene_Red,True,-5,-6.0,1.0,True
1013,w9f6c077,4,Scene_Yellow,True,-6,-5.0,-1.0,True
1014,w9f6c077,5,Animal_Yellow,True,5,5.0,0.0,False
1015,w9f6c077,5,Food_Red,False,6,4.0,2.0,True
1016,w9f6c077,5,Food_Yellow,True,-4,-5.0,1.0,True
1017,w9f6c077,5,Scene_Green,False,9,2.0,7.0,False
1018,w9f6c077,5,Scene_Red,True,-8,-8.0,0.0,False
1019,w9f6c077,5,Scene_Yellow,False,-2,-4.0,2.0,False
1020,wa797b6a,1,Food_Blue,True,7,-4.0,11.0,False
1021,wa797b6a,1,Object_Blue,True,-5,-3.0,-2.0,False
1022,wa797b6a,1,Object_Red,True,4,4.0,0.0,False
1023,wa797b6a,1,Scene_Blue,True,-3,3.0,-6.0,False
1024,wa797b6a,1,Scene_Green,True,8,8.0,0.0,True
1025,wa797b6a,1,Scene_Red,True,-6,-6.0,0.0,False
1026,wa797b6a,2,Animal_Blue,True,8,5.0,3.0,True
1027,wa797b6a,2,Food_Blue,True,-9,-5.0,-4.0,True
1028,wa797b6a,2,Food_Green,True,6,3.0,3.0,False
1029,wa797b6a,2,Object_Blue,True,4,-3.0,7.0,True
1030,wa797b6a,2,Object_Green,True,-3,-4.0,1.0,False
1031,wa797b6a,2,Object_Yellow,True,-2,-4.0,2.0,False
1032,wa797b6a,3,Animal_Red,True,3,5.0,-2.0,True
1033,wa797b6a,3,Food_Green,False,-4,-4.0,0.0,False
1034,wa797b6a,3,Food_Red,True,-6,3.0,-9.0,True
1035,wa797b6a,3,Food_Yellow,True,7,7.0,0.0,False
1036,wa797b6a,3,Object_Red,True,5,4.0,1.0,True
1037,wa797b6a,3,Object_Yellow,True,-9,-9.0,0.0,False
1038,wa797b6a,4,Animal_Red,True,6,4.0,2.0,False
1039,wa797b6a,4,Animal_Yellow,True,-9,-9.0,0.0,False
1040,wa797b6a,4,Food_Red,True,-7,5.0,-12.0,True
1041,wa797b6a,4,Scene_Blue,True,-5,-5.0,0.0,False
1042,wa797b6a,4,Scene_Red,True,2,6.0,-4.0,False
1043,wa797b6a,4,Scene_Yellow,True,4,7.0,-3.0,False
1044,wa797b6a,5,Animal_Blue,True,-4,-5.0,1.0,False
1045,wa797b6a,5,Animal_Green,True,-6,-3.0,-3.0,False
1046,wa797b6a,5,Animal_Yellow,True,7,7.0,0.0,False
1047,wa797b6a,5,Object_Green,True,5,4.0,1.0,False
1048,wa797b6a,5,Scene_Green,True,3,3.0,0.0,True
1049,wa797b6a,5,Scene_Yellow,True,-9,-7.0,-2.0,True
1050,wab2e8f4,1,Animal_Red,False,-4,5.0,-9.0,False
1051,wab2e8f4,1,Food_Blue,True,9,9.0,0.0,False
1052,wab2e8f4,1,Food_Red,False,-6,6.0,-12.0,False
1053,wab2e8f4,1,Object_Blue,False,-8,6.0,-14.0,False
1054,wab2e8f4,1,Object_Green,False,5,-5.0,10.0,True
1055,wab2e8f4,1,Object_Red,True,7,-7.0,14.0,False
1056,wab2e8f4,2,Food_Blue,True,-8,9.0,-17.0,False
1057,wab2e8f4,2,Food_Yellow,True,5,7.0,-2.0,True
1058,wab2e8f4,2,Object_Yellow,True,3,3.0,0.0,True
1059,wab2e8f4,2,Scene_Blue,False,9,6.0,3.0,False
1060,wab2e8f4,2,Scene_Red,True,-6,8.0,-14.0,False
1061,wab2e8f4,2,Scene_Yellow,True,-7,-6.0,-1.0,True
1062,wab2e8f4,3,Animal_Blue,True,5,-5.0,10.0,True
1063,wab2e8f4,3,Animal_Green,False,2,-5.0,7.0,False
1064,wab2e8f4,3,Animal_Yellow,False,-6,7.0,-13.0,False
1065,wab2e8f4,3,Object_Blue,True,-4,-5.0,1.0,True
1066,wab2e8f4,3,Object_Yellow,True,8,3.0,5.0,False
1067,wab2e8f4,3,Scene_Yellow,True,-3,6.0,-9.0,False
1068,wab2e8f4,4,Animal_Blue,True,9,-8.0,17.0,False
1069,wab2e8f4,4,Animal_Green,True,-4,-3.0,-1.0,False
1070,wab2e8f4,4,Animal_Yellow,False,-6,4.0,-10.0,False
1071,wab2e8f4,4,Food_Green,True,2,3.0,-1.0,True
1072,wab2e8f4,4,Scene_Blue,True,-1,-4.0,3.0,False
1073,wab2e8f4,4,Scene_Green,True,3,-5.0,8.0,False
1074,wab2e8f4,5,Food_Green,False,4,-3.0,7.0,False
1075,wab2e8f4,5,Food_Red,True,7,7.0,0.0,False
1076,wab2e8f4,5,Food_Yellow,True,-9,-9.0,0.0,False
1077,wab2e8f4,5,Object_Red,False,-8,5.0,-13.0,True
1078,wab2e8f4,5,Scene_Green,False,-5,-5.0,0.0,False
1079,wab2e8f4,5,Scene_Red,True,6,,,False
1080,wae959a9,1,Animal_Green,False,-1,-7.0,6.0,False
1081,wae959a9,1,Animal_Yellow,True,5,5.0,0.0,False
1082,wae959a9,1,Object_Yellow,False,-9,2.0,-11.0,True
1083,wae959a9,1,Scene_Green,False,4,-2.0,6.0,False
1084,wae959a9,1,Scene_Red,True,-8,7.0,-15.0,False
1085,wae959a9,1,Scene_Yellow,False,7,5.0,2.0,False
1086,wae959a9,2,Animal_Blue,True,8,8.0,0.0,True
1087,wae959a9,2,Animal_Red,False,-2,5.0,-7.0,True
1088,wae959a9,2,Food_Blue,False,-7,-2.0,-5.0,False
1089,wae959a9,2,Food_Red,True,4,5.0,-1.0,False
1090,wae959a9,2,Food_Yellow,False,6,-1.0,7.0,False
1091,wae959a9,2,Scene_Blue,False,-5,-3.0,-2.0,False
1092,wae959a9,3,Animal_Yellow,False,-6,-1.0,-5.0,False
1093,wae959a9,3,Object_Blue,False,-9,9.0,-18.0,True
1094,wae959a9,3,Object_Red,True,8,9.0,-1.0,True
1095,wae959a9,3,Object_Yellow,False,7,-7.0,14.0,True
1096,wae959a9,3,Scene_Blue,False,4,2.0,2.0,False
1097,wae959a9,3,Scene_Yellow,False,-3,-3.0,0.0,False
1098,wae959a9,4,Food_Green,False,8,6.0,2.0,True
1099,wae959a9,4,Food_Red,False,-3,-3.0,0.0,False
1100,wae959a9,4,Object_Blue,True,2,7.0,-5.0,False
1101,wae959a9,4,Object_Green,False,-5,3.0,-8.0,True
1102,wae959a9,4,Object_Red,True,4,-1.0,5.0,False
1103,wae959a9,4,Scene_Green,False,-6,2.0,-8.0,True
1104,wae959a9,5,Animal_Blue,False,1,-1.0,2.0,False
1105,wae959a9,5,Animal_Green,False,-9,2.0,-11.0,False
1106,wae959a9,5,Food_Blue,False,-3,5.0,-8.0,False
1107,wae959a9,5,Food_Green,False,8,-2.0,10.0,False
1108,wae959a9,5,Food_Yellow,True,-7,-7.0,0.0,True
1109,wae959a9,5,Object_Green,True,2,3.0,-1.0,False
1110,wcabe93e,1,Food_Green,True,5,6.0,-1.0,True
1111,wcabe93e,1,Food_Red,True,3,3.0,0.0,True
1112,wcabe93e,1,Food_Yellow,True,-6,6.0,-12.0,True
1113,wcabe93e,1,Object_Yellow,True,-2,-2.0,0.0,False
1114,wcabe93e,1,Scene_Red,True,-4,-3.0,-1.0,False
1115,wcabe93e,1,Scene_Yellow,False,7,-2.0,9.0,False
1116,wcabe93e,2,Animal_Blue,True,-2,-2.0,0.0,True
1117,wcabe93e,2,Animal_Green,True,5,-2.0,7.0,False
1118,wcabe93e,2,Object_Blue,True,8,8.0,0.0,True
1119,wcabe93e,2,Object_Green,False,-6,3.0,-9.0,False
1120,wcabe93e,2,Object_Yellow,True,-7,-6.0,-1.0,False
1121,wcabe93e,2,Scene_Green,True,4,6.0,-2.0,False
1122,wcabe93e,3,Animal_Red,True,-4,6.0,-10.0,False
1123,wcabe93e,3,Animal_Yellow,True,1,1.0,0.0,False
1124,wcabe93e,3,Object_Red,False,6,6.0,0.0,False
1125,wcabe93e,3,Scene_Blue,True,9,9.0,0.0,True
1126,wcabe93e,3,Scene_Red,True,-5,-5.0,0.0,True
1127,wcabe93e,3,Scene_Yellow,True,-8,3.0,-11.0,True
1128,wcabe93e,4,Animal_Green,True,-8,4.0,-12.0,False
1129,wcabe93e,4,Food_Blue,True,-7,-7.0,0.0,False
1130,wcabe93e,4,Food_Green,False,6,6.0,0.0,False
1131,wcabe93e,4,Object_Blue,True,2,4.0,-2.0,True
1132,wcabe93e,4,Object_Green,True,4,4.0,0.0,True
1133,wcabe93e,4,Object_Red,False,-5,-7.0,2.0,True
1134,wcabe93e,5,Animal_Blue,False,-6,6.0,-12.0,True
1135,wcabe93e,5,Animal_Red,True,-3,-4.0,1.0,True
1136,wcabe93e,5,Animal_Yellow,True,7,7.0,0.0,True
1137,wcabe93e,5,Food_Blue,True,-4,-3.0,-1.0,False
1138,wcabe93e,5,Food_Red,False,2,7.0,-5.0,False
1139,wcabe93e,5,Scene_Blue,False,8,8.0,0.0,False
1140,wcbfad8c,1,Animal_Blue,True,9,4.0,5.0,True
1141,wcbfad8c,1,Animal_Yellow,True,-3,3.0,-6.0,True
1142,wcbfad8c,1,Object_Blue,True,-6,3.0,-9.0,False
1143,wcbfad8c,1,Object_Green,False,8,4.0,4.0,False
1144,wcbfad8c,1,Object_Yellow,False,-4,4.0,-8.0,False
1145,wcbfad8c,1,Scene_Yellow,False,5,1.0,4.0,False
1146,wcbfad8c,2,Food_Blue,True,2,3.0,-1.0,False
1147,wcbfad8c,2,Food_Red,True,-3,2.0,-5.0,True
1148,wcbfad8c,2,Object_Red,True,5,5.0,0.0,True
1149,wcbfad8c,2,Scene_Blue,False,-8,2.0,-10.0,False
1150,wcbfad8c,2,Scene_Green,True,9,9.0,0.0,False
1151,wcbfad8c,2,Scene_Red,True,-4,4.0,-8.0,True
1152,wcbfad8c,3,Animal_Blue,False,-1,4.0,-5.0,False
1153,wcbfad8c,3,Animal_Red,False,9,9.0,0.0,False
1154,wcbfad8c,3,Food_Red,False,-5,4.0,-9.0,False
1155,wcbfad8c,3,Scene_Blue,True,6,4.0,2.0,True
1156,wcbfad8c,3,Scene_Red,False,-7,,,True
1157,wcbfad8c,3,Scene_Yellow,False,4,-4.0,8.0,True
1158,wcbfad8c,4,Animal_Green,False,8,,,False
1159,wcbfad8c,4,Food_Green,False,-4,,,False
1160,wcbfad8c,4,Food_Yellow,True,2,2.0,0.0,False
1161,wcbfad8c,4,Object_Green,False,-6,4.0,-10.0,False
1162,wcbfad8c,4,Object_Red,True,9,9.0,0.0,True
1163,wcbfad8c,4,Object_Yellow,False,-5,,,False
1164,wcbfad8c,5,Animal_Green,False,-4,4.0,-8.0,False
1165,wcbfad8c,5,Animal_Red,True,3,9.0,-6.0,False
1166,wcbfad8c,5,Animal_Yellow,False,2,2.0,0.0,False
1167,wcbfad8c,5,Food_Green,True,8,9.0,-1.0,True
1168,wcbfad8c,5,Food_Yellow,True,-7,2.0,-9.0,True
1169,wcbfad8c,5,Scene_Green,True,-5,4.0,-9.0,False
1170,wd071aa9,1,Animal_Green,True,-9,-9.0,0.0,False
1171,wd071aa9,1,Animal_Yellow,True,4,-3.0,7.0,True
1172,wd071aa9,1,Object_Yellow,True,-7,3.0,-10.0,True
1173,wd071aa9,1,Scene_Blue,True,-6,-6.0,0.0,False
1174,wd071aa9,1,Scene_Green,False,3,4.0,-1.0,False
1175,wd071aa9,1,Scene_Yellow,True,5,5.0,0.0,True
1176,wd071aa9,2,Animal_Blue,False,8,-2.0,10.0,False
1177,wd071aa9,2,Food_Blue,True,-6,-3.0,-3.0,False
1178,wd071aa9,2,Food_Red,False,-7,2.0,-9.0,False
1179,wd071aa9,2,Food_Yellow,True,9,9.0,0.0,False
1180,wd071aa9,2,Scene_Blue,True,-4,-6.0,2.0,True
1181,wd071aa9,2,Scene_Red,True,2,3.0,-1.0,True
1182,wd071aa9,3,Food_Green,True,-9,-9.0,0.0,True
1183,wd071aa9,3,Food_Yellow,True,3,3.0,0.0,False
1184,wd071aa9,3,Object_Blue,True,-7,-7.0,0.0,False
1185,wd071aa9,3,Object_Green,True,8,8.0,0.0,True
1186,wd071aa9,3,Object_Yellow,True,-4,3.0,-7.0,False
1187,wd071aa9,3,Scene_Green,True,6,7.0,-1.0,True
1188,wd071aa9,4,Animal_Blue,True,-1,-1.0,0.0,True
1189,wd071aa9,4,Animal_Red,True,4,4.0,0.0,False
1190,wd071aa9,4,Food_Red,True,-7,3.0,-10.0,False
1191,wd071aa9,4,Object_Blue,False,8,-8.0,16.0,True
1192,wd071aa9,4,Object_Green,True,-9,7.0,-16.0,False
1193,wd071aa9,4,Object_Red,False,5,3.0,2.0,False
1194,wd071aa9,5,Animal_Green,True,-8,-8.0,0.0,False
1195,wd071aa9,5,Animal_Red,False,-6,4.0,-10.0,False
1196,wd071aa9,5,Animal_Yellow,True,9,9.0,0.0,False
1197,wd071aa9,5,Object_Red,False,4,4.0,0.0,False
1198,wd071aa9,5,Scene_Red,True,3,3.0,0.0,True
1199,wd071aa9,5,Scene_Yellow,True,-1,-1.0,0.0,True
1200,wd7d7085,1,Animal_Yellow,False,8,3.0,5.0,True
1201,wd7d7085,1,Object_Red,False,3,3.0,0.0,False
1202,wd7d7085,1,Object_Yellow,True,-7,5.0,-12.0,False
1203,wd7d7085,1,Scene_Green,False,9,-4.0,13.0,False
1204,wd7d7085,1,Scene_Red,False,-4,-4.0,0.0,False
1205,wd7d7085,1,Scene_Yellow,True,-6,5.0,-11.0,False
1206,wd7d7085,2,Food_Blue,True,-1,3.0,-4.0,False
1207,wd7d7085,2,Food_Yellow,True,8,8.0,0.0,False
1208,wd7d7085,2,Object_Yellow,True,-9,-9.0,0.0,False
1209,wd7d7085,2,Scene_Blue,True,2,-4.0,6.0,False
1210,wd7d7085,2,Scene_Red,True,-5,-7.0,2.0,True
1211,wd7d7085,2,Scene_Yellow,True,4,-5.0,9.0,False
1212,wd7d7085,3,Animal_Blue,False,3,8.0,-5.0,False
1213,wd7d7085,3,Animal_Red,True,-7,-6.0,-1.0,False
1214,wd7d7085,3,Food_Blue,True,-8,9.0,-17.0,True
1215,wd7d7085,3,Food_Green,True,-4,3.0,-7.0,True
1216,wd7d7085,3,Food_Red,True,9,7.0,2.0,True
1217,wd7d7085,3,Scene_Blue,True,6,-4.0,10.0,False
1218,wd7d7085,4,Animal_Blue,True,-8,8.0,-16.0,False
1219,wd7d7085,4,Animal_Green,True,-3,7.0,-10.0,False
1220,wd7d7085,4,Animal_Yellow,True,9,8.0,1.0,False
1221,wd7d7085,4,Food_Green,True,7,7.0,0.0,True
1222,wd7d7085,4,Object_Blue,True,4,7.0,-3.0,False
1223,wd7d7085,4,Object_Green,False,-5,-5.0,0.0,False
1224,wd7d7085,5,Animal_Green,True,6,5.0,1.0,False
1225,wd7d7085,5,Animal_Red,True,-1,-4.0,3.0,True
1226,wd7d7085,5,Object_Blue,False,-5,8.0,-13.0,False
1227,wd7d7085,5,Object_Green,True,3,5.0,-2.0,False
1228,wd7d7085,5,Object_Red,False,4,-3.0,7.0,True
1229,wd7d7085,5,Scene_Green,True,-8,5.0,-13.0,False
1230,wd887970,1,Food_Blue,False,-7,3.0,-10.0,False
1231,wd887970,1,Food_Green,False,-2,2.0,-4.0,False
1232,wd887970,1,Food_Red,True,8,9.0,-1.0,False
1233,wd887970,1,Object_Red,True,3,-2.0,5.0,False
1234,wd887970,1,Scene_Blue,False,4,4.0,0.0,True
1235,wd887970,1,Scene_Red,True,-9,-8.0,-1.0,True
1236,wd887970,2,Animal_Blue,True,-2,-4.0,2.0,True
1237,wd887970,2,Animal_Red,False,-4,-3.0,-1.0,False
1238,wd887970,2,Animal_Yellow,True,5,9.0,-4.0,False
1239,wd887970,2,Food_Blue,True,7,4.0,3.0,True
1240,wd887970,2,Food_Yellow,False,-9,2.0,-11.0,False
1241,wd887970,2,Scene_Yellow,True,8,7.0,1.0,False
1242,wd887970,3,Animal_Blue,True,6,6.0,0.0,False
1243,wd887970,3,Animal_Red,True,-8,-7.0,-1.0,False
1244,wd887970,3,Animal_Yellow,True,7,2.0,5.0,True
1245,wd887970,3,Object_Blue,True,-3,-2.0,-1.0,False
1246,wd887970,3,Scene_Blue,True,-4,-4.0,0.0,False
1247,wd887970,3,Scene_Red,False,1,3.0,-2.0,False
1248,wd887970,4,Animal_Green,True,2,4.0,-2.0,True
1249,wd887970,4,Object_Green,True,-6,-8.0,2.0,True
1250,wd887970,4,Object_Red,False,-4,-3.0,-1.0,False
1251,wd887970,4,Object_Yellow,True,8,6.0,2.0,False
1252,wd887970,4,Scene_Green,True,5,9.0,-4.0,True
1253,wd887970,4,Scene_Yellow,True,-9,-7.0,-2.0,False
1254,wd887970,5,Animal_Green,True,7,7.0,0.0,False
1255,wd887970,5,Food_Green,True,-5,-2.0,-3.0,False
1256,wd887970,5,Food_Yellow,True,2,6.0,-4.0,False
1257,wd887970,5,Object_Blue,True,6,6.0,0.0,True
1258,wd887970,5,Object_Green,True,-3,-4.0,1.0,True
1259,wd887970,5,Object_Yellow,True,-4,-4.0,0.0,True
1260,wdabae0a,1,Animal_Blue,False,-5,9.0,-14.0,False
1261,wdabae0a,1,Animal_Red,True,9,4.0,5.0,False
1262,wdabae0a,1,Food_Blue,True,7,7.0,0.0,False
1263,wdabae0a,1,Food_Red,False,-8,3.0,-11.0,False
1264,wdabae0a,1,Food_Yellow,True,3,-2.0,5.0,False
1265,wdabae0a,1,Scene_Red,True,-2,6.0,-8.0,True
1266,wdabae0a,2,Food_Blue,True,3,-3.0,6.0,False
1267,wdabae0a,2,Object_Blue,True,-9,9.0,-18.0,True
1268,wdabae0a,2,Object_Green,True,5,4.0,1.0,True
1269,wdabae0a,2,Scene_Blue,True,7,-7.0,14.0,False
1270,wdabae0a,2,Scene_Green,False,-4,4.0,-8.0,False
1271,wdabae0a,2,Scene_Red,True,-6,-6.0,0.0,False
1272,wdabae0a,3,Animal_Yellow,False,-5,5.0,-10.0,True
1273,wdabae0a,3,Food_Green,True,4,4.0,0.0,False
1274,wdabae0a,3,Food_Red,False,-8,-8.0,0.0,False
1275,wdabae0a,3,Food_Yellow,False,7,4.0,3.0,True
1276,wdabae0a,3,Object_Red,True,1,,,False
1277,wdabae0a,3,Object_Yellow,True,-6,6.0,-12.0,True
1278,wdabae0a,4,Animal_Blue,False,6,4.0,2.0,False
1279,wdabae0a,4,Animal_Green,True,2,2.0,0.0,False
1280,wdabae0a,4,Animal_Yellow,True,-7,-7.0,0.0,False
1281,wdabae0a,4,Object_Yellow,True,-3,-5.0,2.0,True
1282,wdabae0a,4,Scene_Blue,True,-4,7.0,-11.0,False
1283,wdabae0a,4,Scene_Yellow,True,9,8.0,1.0,False
1284,wdabae0a,5,Animal_Green,False,3,4.0,-1.0,True
1285,wdabae0a,5,Animal_Red,False,-4,-5.0,1.0,True
1286,wdabae0a,5,Food_Green,False,-7,-1.0,-6.0,False
1287,wdabae0a,5,Object_Blue,True,-9,6.0,-15.0,False
1288,wdabae0a,5,Object_Green,False,5,3.0,2.0,False
1289,wdabae0a,5,Object_Red,False,6,-2.0,8.0,False
1290,we6aff32,1,Food_Yellow,False,7,,,False
1291,we6aff32,1,Object_Blue,False,5,6.0,-1.0,False
1292,we6aff32,1,Object_Green,False,-2,,,False
1293,we6aff32,1,Object_Yellow,True,-4,-4.0,0.0,False
1294,we6aff32,1,Scene_Green,False,3,,,True
1295,we6aff32,1,Scene_Yellow,True,-6,-4.0,-2.0,True
1296,we6aff32,2,Animal_Blue,True,3,2.0,1.0,False
1297,we6aff32,2,Animal_Yellow,True,-7,-7.0,0.0,True
1298,we6aff32,2,Object_Blue,True,-4,-3.0,-1.0,False
1299,we6aff32,2,Object_Red,True,-5,-5.0,0.0,False
1300,we6aff32,2,Object_Yellow,True,8,8.0,0.0,True
1301,we6aff32,2,Scene_Blue,True,2,4.0,-2.0,False
1302,we6aff32,3,Animal_Blue,False,-2,4.0,-6.0,False
1303,we6aff32,3,Animal_Green,True,-3,,,False
1304,we6aff32,3,Animal_Red,True,4,3.0,1.0,False
1305,we6aff32,3,Food_Blue,True,6,4.0,2.0,True
1306,we6aff32,3,Food_Red,True,-8,-7.0,-1.0,True
1307,we6aff32,3,Object_Red,False,7,,,False
1308,we6aff32,4,Animal_Yellow,False,-5,,,False
1309,we6aff32,4,Food_Green,False,-1,-4.0,3.0,False
1310,we6aff32,4,Food_Yellow,False,8,-8.0,16.0,False
1311,we6aff32,4,Scene_Green,False,3,,,True
1312,we6aff32,4,Scene_Red,True,4,4.0,0.0,True
1313,we6aff32,4,Scene_Yellow,True,-6,,,True
1314,we6aff32,5,Animal_Red,True,7,,,True
1315,we6aff32,5,Food_Blue,True,-5,8.0,-13.0,False
1316,we6aff32,5,Food_Green,True,9,-4.0,13.0,False
1317,we6aff32,5,Food_Red,False,-6,8.0,-14.0,True
1318,we6aff32,5,Scene_Blue,True,3,-2.0,5.0,False
1319,we6aff32,5,Scene_Red,True,-2,3.0,-5.0,True
1320,web7e878,1,Animal_Green,False,1,3.0,-2.0,False
1321,web7e878,1,Animal_Red,True,-5,-6.0,1.0,False
1322,web7e878,1,Object_Blue,False,8,1.0,7.0,True
1323,web7e878,1,Object_Green,False,-9,3.0,-12.0,True
1324,web7e878,1,Object_Red,True,7,8.0,-1.0,True
1325,web7e878,1,Scene_Red,False,-3,-3.0,0.0,False
1326,web7e878,2,Animal_Red,False,7,-8.0,15.0,True
1327,web7e878,2,Animal_Yellow,True,-3,9.0,-12.0,False
1328,web7e878,2,Food_Red,False,2,-3.0,5.0,True
1329,web7e878,2,Scene_Green,True,-6,-3.0,-3.0,False
1330,web7e878,2,Scene_Red,False,-8,-8.0,0.0,True
1331,web7e878,2,Scene_Yellow,False,9,9.0,0.0,False
1332,web7e878,3,Animal_Blue,False,-7,-3.0,-4.0,False
1333,web7e878,3,Animal_Green,True,8,8.0,0.0,False
1334,web7e878,3,Food_Blue,True,5,3.0,2.0,False
1335,web7e878,3,Food_Green,False,3,,,False
1336,web7e878,3,Food_Yellow,False,-6,-9.0,3.0,False
1337,web7e878,3,Object_Green,True,-9,2.0,-11.0,True
1338,web7e878,4,Food_Yellow,True,-5,6.0,-11.0,False
1339,web7e878,4,Object_Blue,False,6,-8.0,14.0,True
1340,web7e878,4,Object_Red,False,-8,3.0,-11.0,False
1341,web7e878,4,Object_Yellow,True,3,8.0,-5.0,False
1342,web7e878,4,Scene_Blue,True,-7,-3.0,-4.0,True
1343,web7e878,4,Scene_Yellow,False,4,3.0,1.0,False
1344,web7e878,5,Animal_Blue,False,3,-2.0,5.0,False
1345,web7e878,5,Food_Blue,False,6,3.0,3.0,False
1346,web7e878,5,Food_Green,False,-5,-1.0,-4.0,False
1347,web7e878,5,Food_Red,False,-4,-6.0,2.0,True
1348,web7e878,5,Scene_Blue,True,-7,9.0,-16.0,False
1349,web7e878,5,Scene_Green,True,9,8.0,1.0,False
1350,wf1ea1db,1,Animal_Green,False,3,-8.0,11.0,False
1351,wf1ea1db,1,Animal_Yellow,False,-8,-2.0,-6.0,False
1352,wf1ea1db,1,Food_Yellow,True,9,-2.0,11.0,False
1353,wf1ea1db,1,Scene_Blue,False,6,5.0,1.0,True
1354,wf1ea1db,1,Scene_Green,False,-2,-2.0,0.0,False
1355,wf1ea1db,1,Scene_Yellow,False,-5,-6.0,1.0,False
1356,wf1ea1db,2,Animal_Green,False,6,-2.0,8.0,False
1357,wf1ea1db,2,Animal_Red,False,-3,3.0,-6.0,False
1358,wf1ea1db,2,Animal_Yellow,False,-5,-4.0,-1.0,False
1359,wf1ea1db,2,Food_Green,False,-7,8.0,-15.0,False
1360,wf1ea1db,2,Food_Red,False,9,2.0,7.0,False
1361,wf1ea1db,2,Object_Green,False,2,-2.0,4.0,False
1362,wf1ea1db,3,Food_Blue,False,3,6.0,-3.0,False
1363,wf1ea1db,3,Food_Green,False,4,-4.0,8.0,False
1364,wf1ea1db,3,Food_Red,False,-5,2.0,-7.0,False
1365,wf1ea1db,3,Object_Green,False,-7,-2.0,-5.0,False
1366,wf1ea1db,3,Object_Red,False,6,2.0,4.0,False
1367,wf1ea1db,3,Scene_Red,False,-2,2.0,-4.0,False
1368,wf1ea1db,4,Animal_Blue,False,3,9.0,-6.0,False
1369,wf1ea1db,4,Food_Blue,False,2,9.0,-7.0,False
1370,wf1ea1db,4,Food_Yellow,False,-5,-2.0,-3.0,False
1371,wf1ea1db,4,Scene_Blue,False,-4,6.0,-10.0,False
1372,wf1ea1db,4,Scene_Green,False,-6,-2.0,-4.0,False
1373,wf1ea1db,4,Scene_Yellow,False,9,-2.0,11.0,False
1374,wf1ea1db,5,Animal_Blue,False,-9,-4.0,-5.0,False
1375,wf1ea1db,5,Animal_Red,False,5,2.0,3.0,False
1376,wf1ea1db,5,Object_Blue,False,7,-2.0,9.0,False
1377,wf1ea1db,5,Object_Red,False,-6,6.0,-12.0,False
1378,wf1ea1db,5,Object_Yellow,False,-3,-4.0,1.0,False
1379,wf1ea1db,5,Scene_Red,True,4,2.0,2.0,True
1380,wf93dad0,1,Animal_Green,True,7,3.0,4.0,False
1381,wf93dad0,1,Animal_Red,True,8,8.0,0.0,False
1382,wf93dad0,1,Animal_Yellow,False,-9,2.0,-11.0,False
1383,wf93dad0,1,Food_Green,False,-3,-3.0,0.0,False
1384,wf93dad0,1,Food_Yellow,True,1,-6.0,7.0,False
1385,wf93dad0,1,Object_Green,True,-6,-2.0,-4.0,True
1386,wf93dad0,2,Food_Yellow,True,-7,4.0,-11.0,False
1387,wf93dad0,2,Object_Blue,True,-9,-2.0,-7.0,False
1388,wf93dad0,2,Object_Red,True,8,3.0,5.0,False
1389,wf93dad0,2,Object_Yellow,False,5,6.0,-1.0,False
1390,wf93dad0,2,Scene_Red,True,-2,3.0,-5.0,True
1391,wf93dad0,2,Scene_Yellow,True,3,6.0,-3.0,True
1392,wf93dad0,3,Animal_Blue,True,-4,-2.0,-2.0,False
1393,wf93dad0,3,Animal_Green,False,1,-1.0,2.0,False
1394,wf93dad0,3,Food_Blue,True,9,-4.0,13.0,False
1395,wf93dad0,3,Object_Blue,True,-6,-4.0,-2.0,False
1396,wf93dad0,3,Object_Green,True,-3,-3.0,0.0,False
1397,wf93dad0,3,Object_Red,True,7,6.0,1.0,True
1398,wf93dad0,4,Animal_Red,True,-4,-3.0,-1.0,False
1399,wf93dad0,4,Food_Blue,True,1,-1.0,2.0,True
1400,wf93dad0,4,Food_Red,True,-3,-3.0,0.0,False
1401,wf93dad0,4,Scene_Blue,False,-9,-6.0,-3.0,True
1402,wf93dad0,4,Scene_Green,True,6,4.0,2.0,False
1403,wf93dad0,4,Scene_Red,True,5,5.0,0.0,False
1404,wf93dad0,5,Animal_Blue,False,-6,-1.0,-5.0,False
1405,wf93dad0,5,Animal_Yellow,False,3,3.0,0.0,True
1406,wf93dad0,5,Object_Yellow,True,-5,-6.0,1.0,True
1407,wf93dad0,5,Scene_Blue,True,8,6.0,2.0,False
1408,wf93dad0,5,Scene_Green,True,-9,-5.0,-4.0,False
1409,wf93dad0,5,Scene_Yellow,True,4,,,True
1410,wf9cb312,1,Food_Red,False,-6,-5.0,-1.0,False
1411,wf9cb312,1,Object_Green,True,8,8.0,0.0,False
1412,wf9cb312,1,Object_Red,True,-2,-2.0,0.0,False
1413,wf9cb312,1,Scene_Green,True,-9,-9.0,0.0,False
1414,wf9cb312,1,Scene_Red,True,7,7.0,0.0,False
1415,wf9cb312,1,Scene_Yellow,True,5,5.0,0.0,True
1416,wf9cb312,2,Animal_Blue,False,3,4.0,-1.0,False
1417,wf9cb312,2,Animal_Red,True,6,9.0,-3.0,False
1418,wf9cb312,2,Animal_Yellow,True,-7,-2.0,-5.0,True
1419,wf9cb312,2,Object_Blue,True,-2,-2.0,0.0,False
1420,wf9cb312,2,Object_Yellow,True,9,8.0,1.0,True
1421,wf9cb312,2,Scene_Yellow,True,-8,-5.0,-3.0,True
1422,wf9cb312,3,Food_Blue,True,-2,-2.0,0.0,True
1423,wf9cb312,3,Food_Green,True,-6,-8.0,2.0,False
1424,wf9cb312,3,Food_Yellow,True,7,7.0,0.0,False
1425,wf9cb312,3,Object_Blue,True,4,-2.0,6.0,True
1426,wf9cb312,3,Scene_Blue,True,-3,-4.0,1.0,True
1427,wf9cb312,3,Scene_Green,False,1,-2.0,3.0,False
1428,wf9cb312,4,Animal_Blue,False,8,3.0,5.0,True
1429,wf9cb312,4,Animal_Green,True,-5,-5.0,0.0,True
1430,wf9cb312,4,Animal_Red,True,-7,-7.0,0.0,True
1431,wf9cb312,4,Food_Green,True,2,2.0,0.0,False
1432,wf9cb312,4,Food_Red,False,-3,5.0,-8.0,False
1433,wf9cb312,4,Scene_Red,True,9,7.0,2.0,False
1434,wf9cb312,5,Animal_Green,True,-9,7.0,-16.0,True
1435,wf9cb312,5,Animal_Yellow,False,8,-4.0,12.0,True
1436,wf9cb312,5,Food_Yellow,True,-7,-7.0,0.0,False
1437,wf9cb312,5,Object_Green,False,3,-3.0,6.0,False
1438,wf9cb312,5,Object_Red,True,4,-2.0,6.0,False
1439,wf9cb312,5,Object_Yellow,True,-5,-5.0,0.0,False
1440,wfdd68c1,1,Food_Blue,True,5,8.0,-3.0,False
1441,wfdd68c1,1,Food_Green,False,4,-3.0,7.0,True
1442,wfdd68c1,1,Food_Yellow,True,-8,6.0,-14.0,False
1443,wfdd68c1,1,Object_Blue,False,6,-8.0,14.0,False
1444,wfdd68c1,1,Object_Green,True,-3,3.0,-6.0,True
1445,wfdd68c1,1,Scene_Blue,True,-9,5.0,-14.0,False
1446,wfdd68c1,2,Animal_Yellow,True,8,-3.0,11.0,False
1447,wfdd68c1,2,Object_Green,True,-4,4.0,-8.0,True
1448,wfdd68c1,2,Object_Red,True,-3,-3.0,0.0,True
1449,wfdd68c1,2,Object_Yellow,True,5,-5.0,10.0,True
1450,wfdd68c1,2,Scene_Green,True,6,8.0,-2.0,False
1451,wfdd68c1,2,Scene_Yellow,True,-9,-9.0,0.0,False
1452,wfdd68c1,3,Food_Blue,False,2,3.0,-1.0,True
1453,wfdd68c1,3,Food_Yellow,False,-8,-8.0,0.0,True
1454,wfdd68c1,3,Object_Yellow,True,6,6.0,0.0,False
1455,wfdd68c1,3,Scene_Blue,True,-5,-5.0,0.0,False
1456,wfdd68c1,3,Scene_Red,True,-3,-7.0,4.0,False
1457,wfdd68c1,3,Scene_Yellow,True,7,,,False
1458,wfdd68c1,4,Animal_Green,True,-5,-3.0,-2.0,True
1459,wfdd68c1,4,Animal_Red,True,6,6.0,0.0,False
1460,wfdd68c1,4,Animal_Yellow,True,-4,-4.0,0.0,False
1461,wfdd68c1,4,Food_Green,True,2,2.0,0.0,True
1462,wfdd68c1,4,Food_Red,True,-9,6.0,-15.0,False
1463,wfdd68c1,4,Scene_Red,True,8,-8.0,16.0,False
1464,wfdd68c1,5,Animal_Blue,True,4,4.0,0.0,False
1465,wfdd68c1,5,Animal_Green,True,3,3.0,0.0,False
1466,wfdd68c1,5,Animal_Red,False,-6,-4.0,-2.0,False
1467,wfdd68c1,5,Food_Red,True,-5,-4.0,-1.0,True
1468,wfdd68c1,5,Object_Blue,True,-2,-2.0,0.0,False
1469,wfdd68c1,5,Object_Red,True,8,5.0,3.0,False
1470,wfe9216a,1,Animal_Green,True,-2,,,False
1471,wfe9216a,1,Object_Green,True,-5,,,False
1472,wfe9216a,1,Object_Yellow,True,1,-1.0,2.0,False
1473,wfe9216a,1,Scene_Green,True,6,-5.0,11.0,True
1474,wfe9216a,1,Scene_Red,False,8,,,True
1475,wfe9216a,1,Scene_Yellow,True,-9,-9.0,0.0,True
1476,wfe9216a,2,Food_Blue,True,5,4.0,1.0,False
1477,wfe9216a,2,Food_Red,True,4,5.0,-1.0,False
1478,wfe9216a,2,Food_Yellow,True,-8,-8.0,0.0,False
1479,wfe9216a,2,Object_Blue,True,-7,-8.0,1.0,True
1480,wfe9216a,2,Scene_Blue,True,3,-1.0,4.0,False
1481,wfe9216a,2,Scene_Red,True,-2,,,False
1482,wfe9216a,3,Animal_Yellow,True,-8,,,False
1483,wfe9216a,3,Food_Blue,False,2,,,False
1484,wfe9216a,3,Food_Green,False,6,-2.0,8.0,True
1485,wfe9216a,3,Food_Yellow,True,-7,8.0,-15.0,False
1486,wfe9216a,3,Scene_Green,True,-4,-7.0,3.0,True
1487,wfe9216a,3,Scene_Yellow,False,9,,,False
1488,wfe9216a,4,Animal_Blue,True,5,2.0,3.0,True
1489,wfe9216a,4,Animal_Red,False,-1,-2.0,1.0,False
1490,wfe9216a,4,Object_Blue,True,2,4.0,-2.0,True
1491,wfe9216a,4,Object_Red,False,3,,,False
1492,wfe9216a,4,Object_Yellow,True,-4,3.0,-7.0,False
1493,wfe9216a,4,Scene_Blue,True,-6,-6.0,0.0,True
1494,wfe9216a,5,Animal_Blue,False,6,6.0,0.0,True
1495,wfe9216a,5,Animal_Green,False,4,4.0,0.0,False
1496,wfe9216a,5,Animal_Red,False,-9,-2.0,-7.0,False
1497,wfe9216a,5,Food_Green,True,-2,-2.0,0.0,False
1498,wfe9216a,5,Food_Red,True,8,8.0,0.0,False
1499,wfe9216a,5,Object_Green,False,-3,-3.0,0.0,False
